clip,frame,ball_real_x,ball_real_y,is_real_bounce,bounce_in
Dataset_Clutch/Clip1,132,5.155431665908926,6.6866306972249685,1,1.0
Dataset_Clutch/Clip4,128,3.934947193084493,2.193216566129667,1,1.0
Dataset_Clutch/Clip4,159,7.652738316574478,20.68290304670743,1,1.0
Dataset_Clutch/Clip4,168,8.063984839452196,19.600463980501168,1,1.0
Dataset_Clutch/Clip4,273,0.5399948812761025,2.505226995794723,1,1.0
Dataset_Clutch/Clip6,46,7.174406321927387,16.45421319492038,1,1.0
Dataset_Clutch/Clip6,336,-0.08446639943284547,1.671147191997495,1,1.0
Dataset_Clutch/Clip6,388,5.964347974746748,21.824849889407606,1,1.0
Dataset_Clutch/Clip7,160,6.290440972663126,23.987916198550305,1,1.0
Dataset_Clutch/Clip7,315,3.9606809003111856,23.263197094370323,1,1.0
Dataset_Clutch/Clip8,116,5.77937840834807,0.7760824115115181,1,1.0
Dataset_Clutch/Clip8,300,5.8647995990418,7.839936180456302,1,1.0
Dataset_Clutch/Clip8,358,7.518100641756368,2.2222277770645418,1,1.0
Dataset_Clutch/Clip8,480,2.0332902944798517,2.3089953690068463,1,1.0
Dataset_Clutch/Clip8,541,6.1419684508373855,16.64966891182318,1,1.0
Dataset_Clutch/Clip9,242,7.910787879376478,17.774636898142905,1,1.0
Dataset_Clutch/Clip9,271,8.362286618996404,22.037323532147713,1,1.0
Dataset_Clutch/Clip9,280,8.264682498164506,20.899294755919808,1,1.0
Dataset_Clutch/Clip9,342,7.311419852246282,4.439542943526684,1,1.0
Dataset_Clutch/Clip10,33,4.536139042675426,15.05577667741271,1,1.0
Dataset_Clutch/Clip10,60,2.2585199696949916,17.829506279618123,1,1.0
Dataset_Clutch/Clip10,129,6.4500131266730945,0.6873320147240456,1,1.0
Dataset_Clutch/Clip10,286,1.9577241091522095,0.2291803411415823,1,1.0
Dataset_Clutch/Clip11,138,3.7967006719311676,1.7740374115594963,1,1.0
Dataset_Clutch/Clip11,154,2.6709905249256654,1.3823323224510375,1,1.0
Dataset_Clutch/Clip12,205,2.954279928211896,2.730038349975654,1,1.0
Dataset_Clutch/Clip12,272,3.341751859233008,16.864327052604047,1,1.0
Dataset_Clutch/Clip13,203,6.629642191324335,23.000180273367892,1,1.0
Dataset_Clutch/Clip13,237,4.63898229241862,23.999924408482546,1,1.0
Dataset_Clutch/Clip13,513,2.8414948964326032,22.08166377761596,1,1.0
Dataset_Clutch/Clip13,640,7.950127131981165,16.262762664898258,1,1.0
Dataset_Clutch/Clip14,71,3.8108827548620776,15.236760956137921,1,1.0
Dataset_Clutch/Clip14,212,7.8757704835457725,21.809324157896498,1,1.0
Dataset_Clutch/Clip14,241,7.567471127380639,22.752347750847992,1,1.0
Dataset_Clutch/Clip14,287,3.3336374567939555,1.290974376656942,1,1.0
Dataset_Clutch/Clip15,36,7.930783862600357,17.0061573312237,1,1.0
Dataset_Clutch/Clip16,316,1.6973136209599105,4.2300659433177685,1,1.0
Dataset_Clutch/Clip17,144,2.802069190200553,5.316207876011718,1,1.0
Dataset_Clutch/Clip18,14,5.406834744005868,11.121322571991142,1,1.0
Dataset_Clutch/Clip18,97,1.5355562048911209,0.8456769219116996,1,1.0
Dataset_Clutch/Clip18,170,4.852164048776976,19.41947357154404,1,1.0
Dataset_Clutch/Clip18,280,3.1210335368583997,17.43450760197481,1,1.0
Dataset_Clutch/Clip18,347,6.888648426098924,7.587112278882347,1,1.0
Dataset_Clutch/Clip18,363,7.470352632877908,9.19090791151452,1,1.0
Dataset_Clutch/Clip19,75,8.555213237792538,23.721422618225972,1,1.0
Dataset_Clutch/Clip19,128,1.7596310962414614,1.8066695029561546,1,1.0
Dataset_Clutch/Clip20,141,3.7827203357782637,3.5334508289623163,1,1.0
Dataset_Clutch/Clip21,102,2.3840972561466565,3.187027559297176,1,1.0
Dataset_Clutch/Clip21,233,7.167893466248066,3.2962218333409807,1,1.0
Dataset_Clutch/Clip22,235,7.210657870737376,12.12554340531393,1,1.0
Dataset_Clutch/Clip23,138,8.124424651842109,5.342520495697912,1,1.0
Dataset_Clutch/Clip23,248,3.89774720286547,13.40372862627232,1,1.0
Dataset_Clutch/Clip24,151,2.236262815740095,3.744308900589771,1,1.0
Dataset_Clutch/Clip24,234,6.5191006999678605,15.915135220737072,1,1.0
Dataset_Clutch/Clip24,343,1.7000334058100535,22.559976858722774,1,1.0
Dataset_Clutch/Clip24,693,7.240809193754715,2.5747035718777282,1,1.0
Dataset_Clutch/Clip24,733,0.41619673942202756,22.101142562728615,1,1.0
Dataset_Clutch/Clip24,857,-0.048561068659771764,4.256367860358425,1,1.0
Dataset_Clutch/Clip25,78,6.075369003125726,17.988452467442226,1,1.0
Dataset_Clutch/Clip25,182,2.3249423171926242,4.317852633531767,1,1.0
Dataset_Clutch/Clip26,52,2.7027192647937643,17.247767281191752,1,1.0
Dataset_Clutch/Clip26,204,7.951096725565277,21.578916854176025,1,1.0
Dataset_Clutch/Clip26,282,0.15828954521635555,1.5039630911565387,1,1.0
Dataset_Clutch/Clip29,102,4.538231056215051,2.7052524390410824,1,1.0
Dataset_Clutch/Clip32,116,0.8903892470974416,20.52181029446988,1,1.0
Dataset_Clutch/Clip32,163,7.247504289971071,23.731059741662754,1,1.0
Dataset_Clutch/Clip32,245,1.107429097055538,1.0879689740270229,1,1.0
Dataset_Clutch/Clip32,290,5.478493322831623,22.76854375902617,1,1.0
Dataset_Clutch/Clip32,338,8.60828053250038,15.011838711828538,1,1.0
Dataset_Clutch/Clip32,470,2.664038515931597,15.77667517045614,1,1.0
Dataset_Clutch/Clip32,485,5.312324399889753,21.83014601986309,1,1.0
Dataset_Clutch/Clip33,219,1.422187544078958,19.871599031917956,1,1.0
Dataset_Clutch/Clip33,335,3.270654472223896,16.129278428955764,1,1.0
Dataset_Clutch/Clip33,355,2.6174770439106787,15.955882619186736,1,1.0
Dataset_Clutch/Clip33,383,2.084501280039849,15.96144885973911,1,1.0
Dataset_Clutch/Clip34,40,5.834607089208581,16.284555209108113,1,1.0
Dataset_Clutch/Clip35,184,3.084678005487122,3.1761883488968916,1,1.0
Dataset_Clutch/Clip36,219,0.9114340653595949,6.634358235279449,1,1.0
Dataset_Clutch/Clip36,261,0.15828954521635555,1.5039630911565387,1,1.0
Dataset_Clutch/Clip36,377,6.007304449776766,0.5403613537313526,1,1.0
Dataset_Clutch/Clip37,80,3.679089050779038,2.2829594651443488,1,1.0
Dataset_Clutch/Clip37,90,3.6682290777887667,0.8887861830688212,1,1.0
Dataset_Clutch/Clip38,186,1.599054691673937,1.7264285595451974,1,1.0
Dataset_Clutch/Clip38,303,5.134898065781831,1.6696720926521036,1,1.0
Dataset_Clutch/Clip39,166,7.534726928785114,22.277993143629427,1,1.0
Dataset_Clutch/Clip40,146,3.0522689266784457,23.270067490806902,1,1.0
Dataset_Clutch/Clip41,41,6.780392146949634,16.829654530626783,1,1.0
Dataset_Clutch/Clip42,97,0.30083166828884117,23.048649641798438,1,1.0
Dataset_Clutch/Clip42,138,3.8886311285002026,0.19705189164082182,1,1.0
Dataset_Clutch/Clip45,151,0.7121970310052286,3.304002282532646,1,1.0
Dataset_Clutch/Clip46,75,0.0843234453711592,24.03304258471023,1,1.0
Dataset_Clutch/Clip46,127,1.5231698095137605,2.664372365985899,1,1.0
Dataset_Clutch/Clip47,162,7.505512530821798,1.143007449652436,1,1.0
Dataset_Clutch/Clip50,63,3.925893943835637,17.81332024949519,1,1.0
Dataset_Clutch/Clip50,180,5.88013289524957,6.231725615572603,1,1.0
Dataset_Clutch/Clip50,330,0.04910656818999535,19.255402506407123,1,1.0
Dataset_Clutch/Clip51,55,1.1673109260519232,9.665004704637825,1,1.0
Dataset_Clutch/Clip52,120,3.723040596549238,23.02244056115265,1,1.0
Dataset_Clutch/Clip52,300,8.289041693639177,15.896650482776877,1,1.0
Dataset_Clutch/Clip52,332,7.050067462874295,10.537502118868009,1,1.0
Dataset_Clutch/Clip53,120,4.010357573582953,19.848547699819058,1,1.0
Dataset_Clutch/Clip54,387,0.7602232795962515,23.287402425509722,1,1.0
Dataset_Clutch/Clip56,147,3.3455826346106305,22.785080382284942,1,1.0
Dataset_Clutch/Clip57,148,5.522334371793221,18.191401996267338,1,1.0
Dataset_Clutch/Clip57,193,6.764609032028134,13.370924202770938,1,1.0
Dataset_Clutch/Clip59,23,4.055793893899629,21.84035232180927,1,1.0
Dataset_Clutch/Clip59,126,7.0362557468723415,21.816143205145977,1,1.0
Dataset_Clutch/Clip59,189,8.3673172661463,4.325111586677795,1,1.0
Dataset_Clutch/Clip59,259,2.6858760589134665,20.946596424908822,1,1.0
Dataset_Clutch/Clip59,274,0.8735485474493959,23.77803242497551,1,1.0
Dataset_Clutch/Clip59,395,7.151227486164267,20.687198923596647,1,1.0
Dataset_Clutch/Clip60,172,8.244887058740472,15.015759688047927,1,1.0
Dataset_Clutch/Clip60,189,8.383287494835677,15.187736741508806,1,1.0
Dataset_Clutch/Clip60,252,1.2508286371239141,4.530146572827722,1,1.0
Dataset_Clutch/Clip60,350,6.149377616318125,3.497177252336788,1,1.0
Dataset_Clutch/Clip61,54,4.525422685202596,8.222151058694052,1,1.0
Dataset_Clutch/Clip61,132,2.4460941748631173,22.79205418661093,1,1.0
Dataset_Clutch/Clip61,189,0.7865496691118932,4.936476220500128,1,1.0
Dataset_Clutch/Clip61,245,4.850533878400187,22.065528178576486,1,1.0
Dataset_Clutch/Clip61,267,7.0362557468723415,21.816143205145977,1,1.0
Dataset_Clutch/Clip61,341,0.3105583016945487,1.8298823948653846,1,1.0
Dataset_Clutch/Clip62,78,7.408987151328873,23.237117263118787,1,1.0
Dataset_Clutch/Clip62,86,5.162402453545758,17.607035615450915,1,1.0
Dataset_Clutch/Clip62,102,6.254071806942208,22.054255661987753,1,1.0
Dataset_Clutch/Clip62,148,2.462582119215817,3.3686824848589736,1,1.0
Dataset_Clutch/Clip63,76,0.40074788741629874,19.252183560871952,1,1.0
Dataset_Clutch/Clip64,269,2.45723899751389,4.710729512201657,1,1.0
Dataset_Clutch/Clip65,77,0.8100360521931004,24.027765728899396,1,1.0
Dataset_Clutch/Clip65,88,0.8502948726881788,21.86638932667521,1,1.0
Dataset_Clutch/Clip66,164,2.8365256755777684,7.059952605956758,1,1.0
Dataset_Clutch/Clip66,173,2.000094171849592,0.006396345488879307,1,1.0
Dataset_Clutch/Clip66,307,8.142946128413746,0.9732454140695999,1,1.0
Dataset_Clutch/Clip67,181,2.7075694685814544,21.851303417314245,1,1.0
Dataset_Clutch/Clip67,195,0.5415627953323713,21.639770453919073,1,1.0
Dataset_Clutch/Clip67,381,6.0778916270050765,2.4179962026858455,1,1.0
Dataset_Clutch/Clip67,504,2.9317735561561986,2.554670233989834,1,1.0
Dataset_Clutch/Clip69,55,4.36597874302236,13.8826884621521,1,1.0
Dataset_Clutch/Clip69,75,-0.1816132691690655,19.885883157282688,1,1.0
Dataset_Clutch/Clip69,384,0.4220195797263846,3.0367564428815648,1,1.0
Dataset_Clutch/Clip69,472,-0.16557481630876228,13.134025798279751,1,1.0
Dataset_Clutch/Clip69,498,6.0247716475895015,16.83727360856992,1,1.0
Dataset_Clutch/Clip69,591,3.1471841645381815,2.0357956516252464,1,1.0
Dataset_Clutch/Clip69,707,6.174169983796156,0.6145322548897489,1,1.0
Dataset_Clutch/Clip70,68,7.59319836252377,17.009536330035164,1,1.0
Dataset_Clutch/Clip71,155,5.125914446150575,1.4237432896604623,1,1.0
Dataset_Clutch/Clip71,285,7.422998096703046,0.21320466477175212,1,1.0
Dataset_Clutch/Clip71,380,1.847158213104027,5.64389867959382,1,1.0
Dataset_Clutch/Clip71,409,2.137798321453147,0.300989674628271,1,1.0
Dataset_Clutch/Clip71,451,6.917170260461892,19.822658402040823,1,1.0
Dataset_Clutch/Clip71,561,5.151686409375321,23.011499238133638,1,1.0
Dataset_Clutch/Clip71,657,2.747052822044696,0.9038642639340301,1,1.0
Dataset_Clutch/Clip72,42,4.095052526598371,16.30247483120796,1,1.0
Dataset_Clutch/Clip72,107,4.566667735991636,6.4712676803911995,1,1.0
Dataset_Clutch/Clip73,505,3.279006573381738,4.899607056628703,1,1.0
Dataset_Clutch/Clip73,523,2.2179901620060853,4.614688550192201,1,1.0
Dataset_Clutch/Clip74,140,2.305794511407393,3.5560875590461527,1,1.0
Dataset_Clutch/Clip74,270,2.9094714278758254,4.019002496218364,1,1.0
Dataset_Clutch/Clip75,110,1.8382898507654868,0.7631006854384447,1,1.0
Dataset_Clutch/Clip77,120,7.116263557201724,4.6414430994760325,1,1.0
Dataset_Clutch/Clip79,155,2.825403676682085,3.0895405166377565,1,1.0
Dataset_Clutch/Clip79,306,2.6964449220760036,14.733550028780527,1,1.0
Dataset_Clutch/Clip79,481,0.8620776575551046,20.96206007456635,1,1.0
Dataset_Clutch/Clip79,678,2.8970610387755626,1.9555372212034259,1,1.0
Dataset_Clutch/Clip79,725,8.375495609729368,22.74608307388694,1,1.0
Dataset_Clutch/Clip80,250,0.3235643063124398,1.5012941479911748,1,1.0
Dataset_Clutch/Clip80,340,8.115502228469708,14.50496278161847,1,1.0
Dataset_Clutch/Clip81,48,5.420211493575624,16.288824010232947,1,1.0
Dataset_Clutch/Clip82,98,6.076016767663391,21.14129934753917,1,1.0
Dataset_Clutch/Clip83,102,3.4824883754150764,23.266813704800835,1,1.0
Dataset_Clutch/Clip84,97,7.0715816770527296,0.6771199052798008,1,1.0
Dataset_Clutch/Clip84,156,5.352239665652539,0.32289259980783547,1,1.0
Dataset_Clutch/Clip85,176,4.199418334110813,4.095635073698975,1,1.0
Dataset_Clutch/Clip85,189,4.5749568488166785,4.981957678352096,1,1.0
Dataset_Clutch/Clip86,60,7.171363067649034,0.5981184778408781,1,1.0
Dataset_Clutch/Clip86,184,7.692913033085506,22.51295223473456,1,1.0
Dataset_Clutch/Clip86,209,6.997371732578122,17.58908245374193,1,1.0
Dataset_Clutch/Clip86,450,6.066843890265967,22.055759383229404,1,1.0
Dataset_Clutch/Clip86,972,8.112473115110708,6.871853777745335,1,1.0
Dataset_Clutch/Clip86,1262,4.455353763529856,2.9740666591801403,1,1.0
Dataset_Clutch/Clip86,1408,-0.18150393139326654,11.477352756861254,1,1.0
Dataset_Clutch/Clip86,1436,3.3311778364472735,20.500692228820558,1,1.0
Dataset_Clutch/Clip86,1495,6.5932223617229155,21.362484261030808,1,1.0
Dataset_Clutch/Clip86,1506,6.70746228878438,17.01840193930973,1,1.0
Dataset_Clutch/Clip86,1540,8.572213342535122,14.66935990019869,1,1.0
Dataset_Clutch/Clip87,49,7.249679585070848,9.064727596146781,1,1.0
Dataset_Clutch/Clip87,145,6.986101678005772,0.37154162271122043,1,1.0
Dataset_Clutch/Clip88,164,6.31137739744757,22.287705992054434,1,1.0
Dataset_Clutch/Clip89,96,6.0556906282921785,0.4630504256989474,1,1.0
Dataset_Clutch/Clip89,216,7.336563435442113,2.6614637034603996,1,1.0
Dataset_Clutch/Clip89,252,1.329961825358555,20.737063132107945,1,1.0
Dataset_Clutch/Clip89,456,-0.07406458559411201,2.0029366732599483,1,1.0
Dataset_Clutch/Clip89,481,1.349412627055609,15.263152241842304,1,1.0
Dataset_Clutch/Clip90,168,6.59396017440089,23.243281380942555,1,1.0
Dataset_Clutch/Clip90,227,6.290825130568718,5.161692935365731,1,1.0
Dataset_Clutch/Clip90,289,1.4883533981472992,22.09253153521348,1,1.0
Dataset_Clutch/Clip90,428,1.407570620284921,16.330159309290135,1,1.0
Dataset_Clutch/Clip90,496,3.1971973182718276,7.0549232205744365,1,1.0
Dataset_Clutch/Clip91,432,0.9821630108065679,16.51755475743596,1,1.0
Dataset_Clutch/Clip91,481,0.5449162293418051,1.2560734766637793,1,1.0
Dataset_Clutch/Clip91,628,3.725956243370594,22.54407995012614,1,1.0
Dataset_Clutch/Clip91,727,7.332442693464993,0.828809268922309,1,1.0
Dataset_Clutch/Clip92,139,8.063773588249417,3.3748609582834583,1,1.0
Dataset_Clutch/Clip92,224,5.645089339332708,17.99259625250539,1,1.0
Dataset_Clutch/Clip93,225,4.974323497887701,23.747811882056023,1,1.0
Dataset_Clutch/Clip95,252,7.445842596484187,7.461180420023668,1,1.0
Dataset_Clutch/Clip96,104,5.755114301606736,22.528157655563952,1,1.0
Dataset_Clutch/Clip96,116,7.0414721665751125,21.133198238425692,1,1.0
Dataset_Clutch/Clip96,151,6.605491751231908,22.521484956910925,1,1.0
Dataset_Clutch/Clip96,171,4.179060247965321,6.476758750799254,1,1.0
Dataset_Clutch/Clip96,194,2.5446941641966654,1.7112493930108266,1,1.0
Dataset_Clutch/Clip96,250,8.436268912421541,7.0971538031143115,1,1.0
Dataset_Clutch/Clip99,234,6.726234084253683,19.612489946936666,1,1.0
Dataset_Clutch/Clip99,310,0.19915966103369187,1.8316669046665646,1,1.0
Dataset_Clutch/Clip100,48,1.1319139913341143,10.611803419717582,1,1.0
Dataset_Clutch/Clip100,199,0.893641820006135,1.573528536455166,1,1.0
Dataset_Clutch/Clip100,245,5.786053683989499,22.058014550114343,1,1.0
Dataset_Clutch/Clip100,320,0.4099113047969733,2.1640004594845057,1,1.0
Dataset_Clutch/Clip101,66,2.129878412540779,21.174411283551745,1,1.0
Dataset_Clutch/Clip101,94,2.114009133884193,1.0715553338222767,1,1.0
Dataset_Clutch/Clip101,165,7.252311079119864,22.28023539923206,1,1.0
Dataset_Clutch/Clip101,244,1.6849492878655667,0.9996895283422549,1,1.0
Dataset_Clutch/Clip103,12,2.986591325680302,15.952027699276822,1,1.0
Dataset_Clutch/Clip104,94,3.037380317059573,1.9532986565163313,1,1.0
Dataset_Clutch/Clip104,142,5.6309744848944625,21.597971735565075,1,1.0
Dataset_Clutch/Clip104,335,0.3975843103415029,2.5074701916541096,1,1.0
Dataset_Clutch/Clip104,364,5.027367873367916,23.997100350183974,1,1.0
Dataset_Clutch/Clip104,372,3.4694459536797746,20.28220431198492,1,1.0
Dataset_Clutch/Clip104,387,6.949916033215924,22.75713570375672,1,1.0
Dataset_Clutch/Clip104,582,6.005714076057375,1.3283750623547859,1,1.0
Dataset_Clutch/Clip106,130,4.804563813289015,8.58977902136619,1,1.0
Dataset_Clutch/Clip106,198,7.499334815526701,2.3088223009149016,1,1.0
Dataset_Clutch/Clip106,280,7.947327986046686,19.813483383562133,1,1.0
Dataset_Clutch/Clip110,119,6.0953343240144475,22.76376134253613,1,1.0
Dataset_Clutch/Clip110,304,6.1038239482869505,0.3861435123560927,1,1.0
Dataset_Clutch/Clip111,81,8.429295253614956,14.841667930065697,1,1.0
Dataset_Clutch/Clip111,216,7.565439349968054,22.04372341196296,1,1.0
Dataset_Clutch/Clip111,287,2.080595256097072,0.7591197097010665,1,1.0
Dataset_Clutch/Clip111,318,3.598473898219256,16.30759022198367,1,1.0
Dataset_Clutch/Clip111,333,4.014269321235256,12.619496049006523,1,1.0
Dataset_Clutch/Clip112,55,4.094814333181964,16.120729603120616,1,1.0
Dataset_Clutch/Clip112,69,2.95866011195734,15.4203840351501,1,1.0
Dataset_Clutch/Clip112,229,5.723796226653646,20.2625065666451,1,1.0
Dataset_Clutch/Clip113,38,7.3101126038811675,17.78046795239591,1,1.0
Dataset_Clutch/Clip113,263,0.7595852298337723,0.10075148527074959,1,1.0
Dataset_Clutch/Clip114,237,6.883707939539276,2.14646887918845,1,1.0
Dataset_Clutch/Clip114,516,3.575838374541258,1.6122741805871628,1,1.0
Dataset_Clutch/Clip114,647,8.115601405273024,0.9736913065279302,1,1.0
Dataset_Clutch/Clip114,693,7.360175683218981,23.980137863476095,1,1.0
Dataset_Clutch/Clip115,142,4.551400770331475,3.5216693222470945,1,1.0
Dataset_Clutch/Clip115,669,2.209491509377008,11.448134315880871,1,1.0
Dataset_Clutch/Clip115,707,5.203531641703355,15.92887463317936,1,1.0
Dataset_Clutch/Clip115,715,5.658930567638678,13.86814004184762,1,1.0
Dataset_Clutch/Clip115,747,6.427148518566089,15.737109615260426,1,1.0
Dataset_Clutch/Clip116,482,7.457468906303991,23.979430417712077,1,1.0
Dataset_Clutch/Clip117,141,8.017930990303775,5.239894152876119,1,1.0
Dataset_Clutch/Clip119,112,3.0942122927510574,4.902340588592046,1,1.0
Dataset_Clutch/Clip119,144,3.2722915667205736,21.390055723947384,1,1.0
Dataset_Clutch/Clip119,293,3.3959345917774204,22.546669547287998,1,1.0
Dataset_Clutch/Clip119,335,3.3428597406674063,14.22322907650261,1,1.0
Dataset_Clutch/Clip119,343,2.9752144473843796,11.730453879587108,1,1.0
Dataset_Clutch/Clip120,77,3.1397881594795964,16.49548402452493,1,1.0
Dataset_Clutch/Clip121,325,4.346288156168443,23.752440170423164,1,1.0
Dataset_Clutch/Clip121,354,2.0675526822396866,22.79498904838733,1,1.0
Dataset_Clutch/Clip122,51,2.99502164674542,15.595886611445456,1,1.0
Dataset_Clutch/Clip122,127,7.00694291916273,2.8446354500659066,1,1.0
Dataset_Clutch/Clip122,362,5.825487882431954,2.5091888003133813,1,1.0
Dataset_Clutch/Clip123,79,8.407401095991881,17.57528686301186,1,1.0
Dataset_Clutch/Clip124,112,2.3861948239913624,1.067116980365186,1,1.0
Dataset_Clutch/Clip125,157,5.588422418416474,20.263689416902363,1,1.0
Dataset_Clutch/Clip125,203,1.9774966869704822,1.4745855840576612,1,1.0
Dataset_Clutch/Clip125,266,5.588422418416474,20.263689416902363,1,1.0
Dataset_Clutch/Clip125,287,5.157461753008709,19.208640319442242,1,1.0
Dataset_Clutch/Clip125,320,7.986461934099417,0.4311535089570904,1,1.0
Dataset_Clutch/Clip125,374,-0.2511749345746738,14.765751450632001,1,1.0
Dataset_Clutch/Clip125,384,-0.2343868683675855,14.596737144449014,1,1.0
Dataset_Clutch/Clip125,395,5.270169128546047,23.99533487552883,1,1.0
Dataset_Clutch/Clip127,186,0.18699219929968366,0.8677920453105971,1,1.0
Dataset_Clutch/Clip127,211,3.8777557428781173,19.428313632036293,1,1.0
Dataset_Clutch/Clip127,305,6.094100788172836,1.4081085109247262,1,1.0
Dataset_Clutch/Clip127,428,5.915810340353013,4.069711996552633,1,1.0
Dataset_Clutch/Clip127,523,2.084854374631244,11.741232038314621,1,1.0
Dataset_Clutch/Clip128,31,2.7345298483149185,11.154281037034378,1,1.0
Dataset_Clutch/Clip129,118,3.6430594246989703,15.945171741460726,1,1.0
Dataset_Clutch/Clip129,177,2.702849859911567,2.5582683009493765,1,1.0
Dataset_Clutch/Clip129,219,6.523491510313224,21.820308186895776,1,1.0
Dataset_Clutch/Clip129,240,5.099463392481014,18.595711818311347,1,1.0
Dataset_Clutch/Clip129,253,5.844423393555152,23.741399705928565,1,1.0
Dataset_Clutch/Clip129,301,2.937298513274265,1.622544572497044,1,1.0
Dataset_Clutch/Clip129,591,6.207483047371245,18.9926813259888,1,1.0
Dataset_Clutch/Clip130,18,6.124764372172262,16.28156622044861,1,1.0
Dataset_Clutch/Clip130,73,2.2952339271261635,16.874879309590682,1,1.0
Dataset_Clutch/Clip131,90,3.8146746306082155,7.988345141150702,1,1.0
Dataset_Clutch/Clip131,107,-0.15748855515376287,24.034800866222916,1,1.0
Dataset_Clutch/Clip131,160,3.3933774097916944,2.3736377483707436,1,1.0
Dataset_Clutch/Clip131,205,6.306428212752097,23.245456009439376,1,1.0
Dataset_Clutch/Clip131,275,7.2633237481335335,0.215856790492458,1,1.0
Dataset_Clutch/Clip132,182,2.184864274222087,4.126061363334459,1,1.0
Dataset_Clutch/Clip132,461,7.391059833489791,6.542848248320174,1,1.0
Dataset_Clutch/Clip132,490,3.469733610460082,16.67680944679259,1,1.0
Dataset_Clutch/Clip133,56,7.8522942015761314,20.90279132008861,1,1.0
Dataset_Clutch/Clip133,287,7.681660763461475,0.3600299675201157,1,1.0
Dataset_Clutch/Clip133,410,0.9319682704806849,1.737136462688346,1,1.0
Dataset_Clutch/Clip134,192,3.544281531075945,5.725224694606771,1,1.0
Dataset_Clutch/Clip135,120,2.959153348539952,1.7874541947327809,1,1.0
Dataset_Clutch/Clip135,246,0.05221457989950482,0.8700022657169628,1,1.0
Dataset_Clutch/Clip136,274,1.7327767761875095,7.422548457428222,1,1.0
Dataset_Clutch/Clip137,130,1.1152733694183827,1.0089965519170496,1,1.0
Dataset_Clutch/Clip141,37,2.2190552618512007,16.68951195292828,1,1.0
Dataset_Clutch/Clip142,145,2.0106153163448606,3.560611748179242,1,1.0
Dataset_Clutch/Clip142,167,1.241223316282464,9.143633937734492,1,1.0
Dataset_Clutch/Clip143,32,3.893377829054083,14.720474074844828,1,1.0
Dataset_Clutch/Clip144,51,0.457976253505639,16.33994133772809,1,1.0
Dataset_Clutch/Clip144,115,6.305260635203173,19.198133300257915,1,1.0
Dataset_Clutch/Clip144,199,0.757041336659621,2.07384721895047,1,1.0
Dataset_Clutch/Clip144,375,-0.3426002923127596,15.281293593982282,1,1.0
Dataset_Clutch/Clip144,439,1.0019655328784975,7.085534628141156,1,1.0
Dataset_Clutch/Clip145,43,3.4850890225071565,23.02426291978843,1,1.0
Dataset_Clutch/Clip145,223,8.58730405459238,16.8114350637484,1,1.0
Dataset_Clutch/Clip145,250,7.4963254493059965,17.974768023131794,1,1.0
Dataset_Clutch/Clip145,258,7.567510148848032,17.777969266149743,1,1.0
Dataset_Clutch/Clip146,111,6.279696696382527,23.738191971856644,1,1.0
Dataset_Clutch/Clip146,119,0.4225547002963819,15.273089787732529,1,1.0
Dataset_Clutch/Clip146,174,6.5158574811205625,5.682238302831794,1,1.0
Dataset_Clutch/Clip146,197,6.359863023119154,1.9846491408578832,1,1.0
Dataset_Clutch/Clip146,231,1.5109938384183323,17.450382059647467,1,1.0
Dataset_Clutch/Clip146,271,0.011537898456036972,14.933063623016876,1,1.0
Dataset_Clutch/Clip146,314,3.1138772569808153,3.175736585369608,1,1.0
Dataset_Clutch/Clip147,107,-0.3992544767662408,24.036558812683165,1,1.0
Dataset_Clutch/Clip148,86,2.9062406097564835,3.270135338063301,1,1.0
Dataset_Clutch/Clip148,95,2.1583507926228918,1.2298652858692363,1,1.0
Dataset_Clutch/Clip148,142,0.34919853290201347,16.159582037749924,1,1.0
Dataset_Clutch/Clip148,199,2.16038388850127,4.030344483578452,1,1.0
Dataset_Clutch/Clip148,219,1.5553046286147703,4.925104568484671,1,1.0
Dataset_Clutch/Clip148,378,6.207262243908418,22.05463161305048,1,1.0
Dataset_Clutch/Clip148,464,-0.18604647050240128,2.004723161162506,1,1.0
Dataset_Clutch/Clip148,516,-0.3879195262961594,14.937400726903261,1,1.0
Dataset_Clutch/Clip148,581,0.7632404206143216,7.553143688898223,1,1.0
Dataset_Clutch/Clip148,1124,0.5789031397963699,2.1613157093478734,1,1.0
Dataset_Clutch/Clip148,1200,4.640632392672636,16.851230171257544,1,1.0
Dataset_Clutch/Clip149,126,-0.23631371706325813,7.333338609835647,1,1.0
Dataset_Clutch/Clip149,228,2.1880741552188754,22.086911727097743,1,1.0
Dataset_Clutch/Clip149,355,4.52326451446004,22.06815664287302,1,1.0
Dataset_Clutch/Clip149,413,7.802805293356555,18.570313056119566,1,1.0
Dataset_Clutch/Clip149,445,8.508280580033126,0.4991197119989342,1,1.0
Dataset_Clutch/Clip149,480,8.019370484424062,19.600865049784087,1,1.0
Dataset_Clutch/Clip149,491,4.011564396413467,17.618295303543047,1,1.0
Dataset_Clutch/Clip149,510,7.602248082128407,19.3945241647436,1,1.0
Dataset_Clutch/Clip149,539,6.968908907398933,20.68876064095448,1,1.0
Dataset_Clutch/Clip150,39,0.9132288088773255,10.20329668866774,1,1.0
Dataset_Clutch/Clip150,88,0.7050927461172168,15.797271639049072,1,1.0
Dataset_Clutch/Clip150,108,0.5687936508070988,15.977278459963532,1,1.0
Dataset_Clutch/Clip151,104,3.649646898348999,20.28062977746797,1,1.0
Dataset_Clutch/Clip152,36,0.7325667092176529,15.97556806279183,1,1.0
Dataset_Clutch/Clip152,148,8.48513277636863,19.80869346764286,1,1.0
Dataset_Clutch/Clip152,161,0.7056280382292893,16.337390209703717,1,1.0
Dataset_Clutch/Clip153,156,2.471491038347628,23.51919263250387,1,1.0
Dataset_Clutch/Clip153,297,6.152848537791773,0.6922143037374717,1,1.0
Dataset_Clutch/Clip153,312,4.2563405748769805,3.619570069967449,1,1.0
Dataset_Clutch/Clip153,341,5.51301675895859,23.99356906366661,1,1.0
Dataset_Clutch/Clip153,417,0.3016394987187574,2.596008892269722,1,1.0
Dataset_Clutch/Clip153,474,0.024763116147888304,0.4867533004368419,1,1.0
Dataset_Clutch/Clip153,568,4.847215113095441,1.347120073420115,1,1.0
Dataset_Clutch/Clip153,601,1.0077188145629978,20.088554285427417,1,1.0
Dataset_Clutch/Clip153,612,0.10814522490354694,21.872417515691264,1,1.0
Dataset_Clutch/Clip153,686,3.9749100418388466,13.563023016882664,1,1.0
Dataset_Clutch/Clip154,98,7.439039126633648,18.37255530822097,1,1.0
Dataset_Clutch/Clip154,138,2.261033681729412,0.4497425328352286,1,1.0
Dataset_Clutch/Clip154,185,6.220940382511869,2.415742954391588,1,1.0
Dataset_Clutch/Clip154,304,8.331103227719034,2.7347004703733275,1,1.0
Dataset_Clutch/Clip154,349,5.658747602846156,23.992509414649685,1,1.0
Dataset_Clutch/Clip154,372,-0.3879195262961594,14.937400726903261,1,1.0
Dataset_Clutch/Clip154,443,1.8493001667388593,11.30834680747627,1,1.0
Dataset_Clutch/Clip155,210,2.6742372986291056,2.55871801372733,1,1.0
Dataset_Clutch/Clip155,456,-0.2184981586471902,1.8383574214299607,1,1.0
Dataset_Clutch/Clip156,86,2.9959386237562007,21.392350097238843,1,1.0
Dataset_Clutch/Clip156,131,7.106768690502081,22.996526187028532,1,1.0
Dataset_Clutch/Clip157,114,-0.06989281235521042,23.53816847650731,1,1.0
Dataset_Clutch/Clip158,111,0.9257942261767288,3.2095900596000972,1,1.0
Dataset_Clutch/Clip158,259,2.1540071725871703,2.6544790478131803,1,1.0
Dataset_Clutch/Clip158,271,1.4356137836043852,3.3844975477099553,1,1.0
Dataset_Clutch/Clip158,281,0.9300890588122986,2.5861313495120086,1,1.0
Dataset_Clutch/Clip159,51,0.21986130814802538,18.242055130968176,1,1.0
Dataset_Clutch/Clip160,72,2.780848461840842,0.7476148445154469,1,1.0
Dataset_Clutch/Clip160,89,4.705549877091836,13.077680347067572,1,1.0
Dataset_Clutch/Clip161,15,3.0235107258541754,16.1318419957394,1,1.0
Dataset_Clutch/Clip161,243,6.019041049796114,-0.06082653293164349,1,1.0
Dataset_Clutch/Clip161,293,0.2414382101131092,20.74638728456598,1,1.0
Dataset_Clutch/Clip163,30,1.355305971119224,23.774482127513505,1,1.0
Dataset_Clutch/Clip164,28,6.67458389882367,16.459325967734532,1,1.0
Dataset_Clutch/Clip164,52,8.608505276893725,23.228045206282573,1,1.0
Dataset_Clutch/Clip164,90,3.0541786879321835,13.096782148115299,1,1.0
Dataset_Clutch/Clip164,127,3.2533719738470674,1.2120780605954544,1,1.0
Dataset_Clutch/Clip164,193,1.8192451678543085,20.953944428104652,1,1.0
Dataset_Clutch/Clip164,390,8.136655030166397,0.3524997127628151,1,1.0
Dataset_Clutch/Clip164,453,2.1658107103987874,24.01790751875385,1,1.0
Dataset_Clutch/Clip165,57,1.710841877278387,22.3242321875829,1,1.0
Dataset_Clutch/Clip166,183,6.510977287700292,22.52222658821098,1,1.0
Dataset_Clutch/Clip166,432,2.6419211561364966,22.552586101682262,1,1.0
Dataset_Clutch/Clip166,462,2.5049806917356414,24.015441320605923,1,1.0
Dataset_Clutch/Clip167,123,4.3314976052762395,2.186929920274171,1,1.0
Dataset_Clutch/Clip168,56,7.025380007845813,23.240018516325623,1,1.0
Dataset_Clutch/Clip168,86,1.0359191713327818,2.6720138372676603,1,1.0
Dataset_Clutch/Clip168,96,0.9813275104342221,2.9385036756518224,1,1.0
Dataset_Clutch/Clip168,141,6.486539128683379,23.001276232085793,1,1.0
Dataset_Clutch/Clip169,20,2.72372577781234,12.63466077918824,1,1.0
Dataset_Clutch/Clip169,40,1.2423727351553175,16.331861057390967,1,1.0
Dataset_Clutch/Clip169,74,2.2864862095306653,18.222313205219688,1,1.0
Dataset_Clutch/Clip169,112,3.5924546495898197,4.4951401175720465,1,1.0
Dataset_Clutch/Clip169,164,6.5587876061754455,20.69227368696041,1,1.0
Dataset_Clutch/Clip169,187,5.802342579780216,22.527787067105507,1,1.0
Dataset_Clutch/Clip169,226,0.4072658288748366,3.6784231473627678,1,1.0
Dataset_Clutch/Clip169,264,3.883113418679033,17.813735541373077,1,1.0
Dataset_Clutch/Clip169,315,5.552109195366082,22.059893475560692,1,1.0
Dataset_Clutch/Clip169,354,2.871248406222483,2.6432306720093495,1,1.0
Dataset_Clutch/Clip169,408,7.7337455357441875,7.339688462083348,1,1.0
Dataset_Clutch/Clip169,726,8.065677971100108,1.6226279520984794,1,1.0
Dataset_Clutch/Clip169,774,6.101645807313883,18.586295993839098,1,1.0
Dataset_Clutch/Clip169,842,0.43427944240031635,2.6814492537665773,1,1.0
Dataset_Clutch/Clip169,934,8.432937056053781,18.767381957422554,1,1.0
