clip,frame,ball_x,ball_y,visibility,is_bounce
game8/Clip1,0,,,0,0
game8/Clip1,1,,,0,0
game8/Clip1,2,600.0,162.0,1,0
game8/Clip1,3,602.0,122.0,1,0
game8/Clip1,4,602.0,128.0,1,1
game8/Clip1,5,592.0,236.0,1,0
game8/Clip1,6,586.0,176.0,1,0
game8/Clip1,7,660.0,182.0,1,0
game8/Clip1,8,678.0,200.0,1,0
game8/Clip1,9,700.0,224.0,1,0
game8/Clip1,10,720.0,248.0,1,0
game8/Clip1,11,742.0,274.0,1,0
game8/Clip1,12,580.0,208.0,1,0
game8/Clip1,13,790.0,334.0,1,0
game8/Clip1,14,624.0,196.0,1,0
game8/Clip1,15,842.0,400.0,1,0
game8/Clip1,16,986.0,502.0,1,0
game8/Clip1,17,890.0,458.0,1,2
game8/Clip1,18,912.0,456.0,1,0
game8/Clip1,19,928.0,456.0,1,0
game8/Clip1,20,948.0,458.0,1,0
game8/Clip1,21,968.0,460.0,1,0
game8/Clip1,22,990.0,468.0,1,0
game8/Clip1,23,1014.0,472.0,1,0
game8/Clip1,24,1032.0,478.0,1,1
game8/Clip1,25,1006.0,448.0,1,0
game8/Clip1,26,1040.0,88.0,1,0
game8/Clip1,27,938.0,384.0,1,0
game8/Clip1,28,910.0,358.0,1,0
game8/Clip1,29,,,0,0
game8/Clip1,30,864.0,318.0,1,0
game8/Clip1,31,840.0,300.0,1,0
game8/Clip1,32,1076.0,572.0,1,0
game8/Clip1,33,802.0,270.0,1,0
game8/Clip1,34,784.0,260.0,1,0
game8/Clip1,35,766.0,248.0,1,2
game8/Clip1,36,750.0,240.0,1,0
game8/Clip1,37,736.0,232.0,1,0
game8/Clip1,38,720.0,226.0,1,0
game8/Clip1,39,708.0,222.0,1,0
game8/Clip1,40,696.0,218.0,1,0
game8/Clip1,41,684.0,214.0,1,0
game8/Clip1,42,672.0,214.0,1,0
game8/Clip1,43,660.0,212.0,1,0
game8/Clip1,44,206.0,34.0,1,0
game8/Clip1,45,642.0,212.0,1,0
game8/Clip1,46,634.0,214.0,1,0
game8/Clip1,47,620.0,224.0,1,0
game8/Clip1,48,220.0,172.0,1,0
game8/Clip1,49,218.0,168.0,1,0
game8/Clip1,50,214.0,164.0,1,0
game8/Clip1,51,590.0,234.0,1,2
game8/Clip1,52,586.0,224.0,1,0
game8/Clip1,53,580.0,212.0,1,0
game8/Clip1,54,576.0,202.0,1,0
game8/Clip1,55,572.0,194.0,1,0
game8/Clip1,56,568.0,186.0,1,0
game8/Clip1,57,564.0,180.0,1,1
game8/Clip1,58,562.0,172.0,1,0
game8/Clip1,59,560.0,168.0,1,0
game8/Clip1,60,560.0,162.0,1,0
game8/Clip1,61,558.0,158.0,1,0
game8/Clip1,62,558.0,156.0,1,0
game8/Clip1,63,1038.0,86.0,1,0
game8/Clip1,64,1038.0,86.0,1,0
game8/Clip1,65,1038.0,88.0,1,0
game8/Clip1,66,1038.0,88.0,1,0
game8/Clip1,67,1038.0,88.0,1,0
game8/Clip1,68,1038.0,88.0,1,0
game8/Clip1,69,550.0,156.0,1,0
game8/Clip1,70,548.0,156.0,1,0
game8/Clip1,71,546.0,160.0,1,0
game8/Clip1,72,546.0,166.0,1,0
game8/Clip1,73,544.0,172.0,1,0
game8/Clip1,74,542.0,178.0,1,0
game8/Clip1,75,542.0,186.0,1,0
game8/Clip1,76,540.0,194.0,1,0
game8/Clip1,77,538.0,204.0,1,0
game8/Clip1,78,538.0,216.0,1,0
game8/Clip1,79,536.0,228.0,1,0
game8/Clip1,80,534.0,242.0,1,0
game8/Clip1,81,534.0,256.0,1,0
game8/Clip1,82,532.0,270.0,1,0
game8/Clip1,83,530.0,286.0,1,0
game8/Clip1,84,530.0,304.0,1,0
game8/Clip1,85,528.0,322.0,1,0
game8/Clip1,86,526.0,342.0,1,0
game8/Clip1,87,524.0,362.0,1,0
game8/Clip1,88,522.0,386.0,1,0
game8/Clip1,89,522.0,406.0,1,0
game8/Clip1,90,520.0,432.0,1,0
game8/Clip1,91,518.0,434.0,1,2
game8/Clip1,92,516.0,426.0,1,0
game8/Clip1,93,516.0,420.0,1,0
game8/Clip1,94,514.0,414.0,1,0
game8/Clip1,95,514.0,408.0,1,0
game8/Clip1,96,512.0,406.0,1,0
game8/Clip1,97,512.0,404.0,1,0
game8/Clip1,98,510.0,402.0,1,0
game8/Clip1,99,510.0,404.0,1,0
game8/Clip1,100,508.0,404.0,1,0
game8/Clip1,101,508.0,408.0,1,0
game8/Clip1,102,506.0,410.0,1,0
game8/Clip1,103,504.0,416.0,1,0
game8/Clip1,104,504.0,420.0,1,0
game8/Clip1,105,504.0,428.0,1,0
game8/Clip1,106,502.0,436.0,1,0
game8/Clip1,107,500.0,444.0,1,0
game8/Clip1,108,500.0,456.0,1,0
game8/Clip1,109,498.0,468.0,1,0
game8/Clip1,110,498.0,480.0,1,0
game8/Clip1,111,498.0,494.0,1,0
game8/Clip1,112,496.0,510.0,1,0
game8/Clip1,113,970.0,102.0,1,0
game8/Clip1,114,960.0,104.0,1,0
game8/Clip1,115,948.0,104.0,1,0
game8/Clip1,116,936.0,106.0,1,0
game8/Clip1,117,490.0,592.0,1,2
game8/Clip2,0,,,0,0
game8/Clip2,1,,,0,0
game8/Clip2,2,666.0,214.0,1,0
game8/Clip2,3,548.0,272.0,1,0
game8/Clip2,4,,,0,0
game8/Clip2,5,640.0,244.0,1,0
game8/Clip2,6,480.0,360.0,1,0
game8/Clip2,7,456.0,390.0,1,0
game8/Clip2,8,434.0,422.0,1,0
game8/Clip2,9,410.0,456.0,1,2
game8/Clip2,10,394.0,458.0,1,0
game8/Clip2,11,372.0,460.0,1,0
game8/Clip2,12,356.0,462.0,1,0
game8/Clip2,13,336.0,466.0,1,0
game8/Clip2,14,318.0,470.0,1,0
game8/Clip2,15,300.0,478.0,1,0
game8/Clip2,16,278.0,522.0,1,0
game8/Clip2,17,260.0,496.0,1,1
game8/Clip2,18,264.0,488.0,1,0
game8/Clip2,19,,,0,0
game8/Clip2,20,328.0,430.0,1,0
game8/Clip2,21,354.0,408.0,1,0
game8/Clip2,22,378.0,388.0,1,0
game8/Clip2,23,400.0,370.0,1,0
game8/Clip2,24,638.0,248.0,1,0
game8/Clip2,25,440.0,342.0,1,0
game8/Clip2,26,458.0,330.0,1,0
game8/Clip2,27,476.0,318.0,1,0
game8/Clip2,28,490.0,310.0,1,0
game8/Clip2,29,506.0,302.0,1,0
game8/Clip2,30,518.0,296.0,1,0
game8/Clip2,31,532.0,292.0,1,0
game8/Clip2,32,544.0,288.0,1,0
game8/Clip2,33,556.0,286.0,1,0
game8/Clip2,34,566.0,284.0,1,0
game8/Clip2,35,576.0,282.0,1,0
game8/Clip2,36,586.0,282.0,1,0
game8/Clip2,37,594.0,282.0,1,0
game8/Clip2,38,604.0,282.0,1,2
game8/Clip2,39,608.0,272.0,1,0
game8/Clip2,40,614.0,260.0,1,0
game8/Clip2,41,620.0,250.0,1,0
game8/Clip2,42,216.0,174.0,1,0
game8/Clip2,43,216.0,174.0,1,0
game8/Clip2,44,634.0,226.0,1,0
game8/Clip2,45,638.0,220.0,1,0
game8/Clip2,46,644.0,214.0,1,0
game8/Clip2,47,648.0,212.0,1,0
game8/Clip2,48,652.0,208.0,1,1
game8/Clip2,49,220.0,176.0,1,0
game8/Clip2,50,638.0,210.0,1,0
game8/Clip2,51,630.0,212.0,1,0
game8/Clip2,52,622.0,216.0,1,0
game8/Clip2,53,614.0,220.0,1,0
game8/Clip2,54,606.0,226.0,1,0
game8/Clip2,55,598.0,232.0,1,0
game8/Clip2,56,588.0,242.0,1,0
game8/Clip2,57,580.0,250.0,1,0
game8/Clip2,58,572.0,260.0,1,0
game8/Clip2,59,562.0,272.0,1,0
game8/Clip2,60,554.0,284.0,1,0
game8/Clip2,61,546.0,296.0,1,0
game8/Clip2,62,534.0,314.0,1,0
game8/Clip2,63,524.0,332.0,1,0
game8/Clip2,64,516.0,348.0,1,0
game8/Clip2,65,508.0,366.0,1,0
game8/Clip2,66,498.0,388.0,1,0
game8/Clip2,67,488.0,410.0,1,0
game8/Clip2,68,478.0,434.0,1,0
game8/Clip2,69,470.0,458.0,1,0
game8/Clip2,70,460.0,486.0,1,0
game8/Clip2,71,452.0,500.0,1,2
game8/Clip2,72,444.0,496.0,1,0
game8/Clip2,73,438.0,496.0,1,0
game8/Clip2,74,430.0,496.0,1,0
game8/Clip2,75,424.0,498.0,1,0
game8/Clip2,76,418.0,500.0,1,0
game8/Clip2,77,410.0,504.0,1,0
game8/Clip2,78,404.0,510.0,1,0
game8/Clip2,79,396.0,518.0,1,0
game8/Clip2,80,390.0,526.0,1,0
game8/Clip2,81,382.0,536.0,1,0
game8/Clip2,82,376.0,546.0,1,0
game8/Clip2,83,368.0,560.0,1,0
game8/Clip2,84,360.0,574.0,1,0
game8/Clip2,85,354.0,588.0,1,0
game8/Clip2,86,346.0,608.0,1,0
game8/Clip2,87,338.0,626.0,1,0
game8/Clip2,88,330.0,648.0,1,0
game8/Clip2,89,324.0,670.0,1,0
game8/Clip2,90,316.0,694.0,1,0
game8/Clip2,91,308.0,712.0,1,2
game8/Clip2,92,298.0,714.0,1,0
game8/Clip2,93,290.0,714.0,1,0
game8/Clip2,94,,,0,0
game8/Clip2,95,,,0,0
game8/Clip2,96,,,0,0
game8/Clip3,0,,,0,0
game8/Clip3,1,,,0,0
game8/Clip3,2,584.0,54.0,1,0
game8/Clip3,3,584.0,54.0,1,0
game8/Clip3,4,586.0,56.0,1,0
game8/Clip3,5,,,0,0
game8/Clip3,6,586.0,58.0,1,0
game8/Clip3,7,586.0,58.0,1,0
game8/Clip3,8,586.0,60.0,1,0
game8/Clip3,9,586.0,64.0,1,0
game8/Clip3,10,586.0,68.0,1,0
game8/Clip3,11,586.0,72.0,1,0
game8/Clip3,12,588.0,76.0,1,0
game8/Clip3,13,588.0,84.0,1,0
game8/Clip3,14,588.0,90.0,1,0
game8/Clip3,15,588.0,98.0,1,0
game8/Clip3,16,588.0,108.0,1,0
game8/Clip3,17,588.0,118.0,1,1
game8/Clip3,18,,,0,0
game8/Clip3,19,594.0,240.0,1,0
game8/Clip3,20,,,0,0
game8/Clip3,21,672.0,212.0,1,0
game8/Clip3,22,,,0,0
game8/Clip3,23,724.0,274.0,1,0
game8/Clip3,24,580.0,174.0,1,0
game8/Clip3,25,,,0,0
game8/Clip3,26,,,0,0
game8/Clip3,27,834.0,406.0,1,0
game8/Clip3,28,860.0,438.0,1,0
game8/Clip3,29,892.0,470.0,1,2
game8/Clip3,30,572.0,210.0,1,0
game8/Clip3,31,940.0,474.0,1,0
game8/Clip3,32,966.0,478.0,1,0
game8/Clip3,33,990.0,484.0,1,0
game8/Clip3,34,956.0,510.0,1,0
game8/Clip3,35,1046.0,500.0,1,0
game8/Clip3,36,972.0,496.0,1,1
game8/Clip3,37,,,0,0
game8/Clip3,38,974.0,438.0,1,0
game8/Clip3,39,936.0,410.0,1,0
game8/Clip3,40,,,0,0
game8/Clip3,41,866.0,364.0,1,0
game8/Clip3,42,836.0,344.0,1,0
game8/Clip3,43,806.0,332.0,1,0
game8/Clip3,44,782.0,314.0,1,0
game8/Clip3,45,,,0,0
game8/Clip3,46,736.0,290.0,1,0
game8/Clip3,47,714.0,282.0,1,0
game8/Clip3,48,694.0,276.0,1,0
game8/Clip3,49,676.0,270.0,1,0
game8/Clip3,50,658.0,264.0,1,0
game8/Clip3,51,642.0,262.0,1,0
game8/Clip3,52,626.0,258.0,1,0
game8/Clip3,53,612.0,258.0,1,0
game8/Clip3,54,598.0,258.0,1,0
game8/Clip3,55,586.0,258.0,1,0
game8/Clip3,56,572.0,258.0,1,0
game8/Clip3,57,562.0,260.0,1,0
game8/Clip3,58,550.0,264.0,1,0
game8/Clip3,59,540.0,266.0,1,2
game8/Clip3,60,532.0,258.0,1,0
game8/Clip3,61,524.0,244.0,1,0
game8/Clip3,62,196.0,168.0,1,0
game8/Clip3,63,510.0,224.0,1,0
game8/Clip3,64,504.0,214.0,1,1
game8/Clip3,65,504.0,212.0,1,0
game8/Clip3,66,506.0,212.0,1,0
game8/Clip3,67,508.0,214.0,1,0
game8/Clip3,68,510.0,218.0,1,0
game8/Clip3,69,514.0,222.0,1,0
game8/Clip3,70,516.0,226.0,1,0
game8/Clip3,71,518.0,232.0,1,0
game8/Clip3,72,520.0,240.0,1,0
game8/Clip3,73,522.0,250.0,1,0
game8/Clip3,74,526.0,260.0,1,0
game8/Clip3,75,530.0,270.0,1,0
game8/Clip3,76,532.0,282.0,1,0
game8/Clip3,77,534.0,294.0,1,0
game8/Clip3,78,536.0,310.0,1,0
game8/Clip3,79,540.0,324.0,1,0
game8/Clip3,80,540.0,342.0,1,0
game8/Clip3,81,544.0,360.0,1,0
game8/Clip3,82,546.0,380.0,1,0
game8/Clip3,83,550.0,402.0,1,0
game8/Clip3,84,552.0,424.0,1,0
game8/Clip3,85,554.0,448.0,1,0
game8/Clip3,86,556.0,472.0,1,0
game8/Clip3,87,562.0,484.0,1,2
game8/Clip3,88,564.0,480.0,1,0
game8/Clip3,89,568.0,476.0,1,0
game8/Clip3,90,572.0,474.0,1,0
game8/Clip3,91,576.0,474.0,1,0
game8/Clip3,92,580.0,476.0,1,0
game8/Clip3,93,582.0,480.0,1,0
game8/Clip3,94,590.0,482.0,1,0
game8/Clip3,95,590.0,488.0,1,0
game8/Clip3,96,592.0,494.0,1,0
game8/Clip3,97,596.0,500.0,1,0
game8/Clip3,98,600.0,510.0,1,0
game8/Clip3,99,604.0,520.0,1,0
game8/Clip3,100,608.0,532.0,1,0
game8/Clip3,101,612.0,542.0,1,1
game8/Clip3,102,622.0,514.0,1,0
game8/Clip3,103,,,0,0
game8/Clip3,104,712.0,520.0,1,0
game8/Clip3,105,652.0,432.0,1,0
game8/Clip3,106,658.0,410.0,1,0
game8/Clip3,107,666.0,392.0,1,0
game8/Clip3,108,672.0,372.0,1,0
game8/Clip3,109,678.0,356.0,1,0
game8/Clip3,110,684.0,340.0,1,0
game8/Clip3,111,690.0,326.0,1,0
game8/Clip3,112,694.0,314.0,1,0
game8/Clip3,113,700.0,302.0,1,0
game8/Clip3,114,704.0,290.0,1,0
game8/Clip3,115,708.0,282.0,1,0
game8/Clip3,116,712.0,274.0,1,0
game8/Clip3,117,716.0,266.0,1,0
game8/Clip3,118,720.0,260.0,1,0
game8/Clip3,119,722.0,254.0,1,0
game8/Clip3,120,726.0,250.0,1,0
game8/Clip3,121,728.0,246.0,1,0
game8/Clip3,122,732.0,244.0,1,0
game8/Clip3,123,736.0,242.0,1,0
game8/Clip3,124,738.0,238.0,1,0
game8/Clip3,125,742.0,238.0,1,0
game8/Clip3,126,742.0,238.0,1,0
game8/Clip3,127,744.0,238.0,1,0
game8/Clip3,128,748.0,238.0,1,0
game8/Clip3,129,748.0,240.0,1,0
game8/Clip3,130,750.0,242.0,1,0
game8/Clip3,131,752.0,242.0,1,0
game8/Clip3,132,756.0,244.0,1,0
game8/Clip3,133,754.0,248.0,1,2
game8/Clip3,134,756.0,246.0,1,0
game8/Clip3,135,756.0,238.0,1,0
game8/Clip3,136,756.0,228.0,1,0
game8/Clip3,137,756.0,218.0,1,0
game8/Clip3,138,756.0,214.0,1,0
game8/Clip3,139,756.0,208.0,1,0
game8/Clip3,140,756.0,204.0,1,0
game8/Clip3,141,758.0,198.0,1,0
game8/Clip3,142,754.0,198.0,1,1
game8/Clip3,143,746.0,198.0,1,0
game8/Clip3,144,740.0,198.0,1,0
game8/Clip3,145,,,0,0
game8/Clip3,146,710.0,164.0,1,0
game8/Clip3,147,,,0,0
game8/Clip3,148,,,0,0
game8/Clip3,149,,,0,0
game8/Clip3,150,,,0,0
game8/Clip3,151,680.0,240.0,1,0
game8/Clip3,152,670.0,250.0,1,0
game8/Clip3,153,662.0,260.0,1,0
game8/Clip3,154,652.0,272.0,1,0
game8/Clip3,155,644.0,286.0,1,0
game8/Clip3,156,634.0,302.0,1,0
game8/Clip3,157,624.0,316.0,1,0
game8/Clip3,158,614.0,336.0,1,0
game8/Clip3,159,606.0,356.0,1,0
game8/Clip3,160,596.0,376.0,1,0
game8/Clip3,161,586.0,398.0,1,0
game8/Clip3,162,574.0,422.0,1,0
game8/Clip3,163,564.0,446.0,1,0
game8/Clip3,164,554.0,472.0,1,0
game8/Clip3,165,542.0,502.0,1,0
game8/Clip3,166,532.0,518.0,1,2
game8/Clip3,167,524.0,514.0,1,0
game8/Clip3,168,518.0,510.0,1,0
game8/Clip3,169,512.0,508.0,1,0
game8/Clip3,170,504.0,506.0,1,0
game8/Clip3,171,496.0,508.0,1,0
game8/Clip3,172,488.0,508.0,1,0
game8/Clip3,173,482.0,512.0,1,0
game8/Clip3,174,472.0,516.0,1,0
game8/Clip3,175,464.0,522.0,1,0
game8/Clip3,176,458.0,530.0,1,1
game8/Clip3,177,468.0,512.0,1,0
game8/Clip3,178,486.0,488.0,1,0
game8/Clip3,179,508.0,458.0,1,0
game8/Clip3,180,526.0,432.0,1,0
game8/Clip3,181,542.0,410.0,1,0
game8/Clip3,182,558.0,390.0,1,0
game8/Clip3,183,572.0,372.0,1,0
game8/Clip3,184,586.0,354.0,1,0
game8/Clip3,185,600.0,338.0,1,0
game8/Clip3,186,610.0,326.0,1,0
game8/Clip3,187,622.0,314.0,1,0
game8/Clip3,188,632.0,302.0,1,0
game8/Clip3,189,644.0,290.0,1,0
game8/Clip3,190,652.0,282.0,1,0
game8/Clip3,191,662.0,274.0,1,0
game8/Clip3,192,670.0,266.0,1,0
game8/Clip3,193,678.0,260.0,1,0
game8/Clip3,194,684.0,256.0,1,0
game8/Clip3,195,692.0,250.0,1,0
game8/Clip3,196,696.0,248.0,1,0
game8/Clip3,197,704.0,234.0,1,0
game8/Clip3,198,708.0,232.0,1,0
game8/Clip3,199,714.0,232.0,1,0
game8/Clip3,200,724.0,238.0,1,0
game8/Clip3,201,738.0,232.0,1,0
game8/Clip3,202,736.0,236.0,1,0
game8/Clip3,203,738.0,236.0,1,0
game8/Clip3,204,744.0,238.0,1,0
game8/Clip3,205,752.0,240.0,1,0
game8/Clip3,206,756.0,242.0,1,0
game8/Clip3,207,738.0,232.0,1,0
game8/Clip3,208,764.0,244.0,1,2
game8/Clip3,209,764.0,238.0,1,0
game8/Clip3,210,766.0,230.0,1,0
game8/Clip3,211,768.0,220.0,1,0
game8/Clip3,212,770.0,214.0,1,0
game8/Clip3,213,772.0,210.0,1,0
game8/Clip3,214,772.0,206.0,1,1
game8/Clip3,215,766.0,208.0,1,0
game8/Clip3,216,724.0,228.0,1,0
game8/Clip3,217,718.0,228.0,1,0
game8/Clip3,218,,,0,0
game8/Clip3,219,734.0,234.0,1,0
game8/Clip3,220,726.0,240.0,1,0
game8/Clip3,221,718.0,250.0,1,0
game8/Clip3,222,710.0,260.0,1,0
game8/Clip3,223,700.0,274.0,1,0
game8/Clip3,224,692.0,286.0,1,0
game8/Clip3,225,684.0,298.0,1,0
game8/Clip3,226,674.0,314.0,1,0
game8/Clip3,227,664.0,332.0,1,0
game8/Clip3,228,654.0,350.0,1,0
game8/Clip3,229,646.0,370.0,1,0
game8/Clip3,230,636.0,392.0,1,0
game8/Clip3,231,624.0,414.0,1,0
game8/Clip3,232,616.0,436.0,1,0
game8/Clip3,233,508.0,508.0,1,0
game8/Clip3,234,596.0,472.0,1,2
game8/Clip3,235,590.0,472.0,1,0
game8/Clip3,236,582.0,474.0,1,0
game8/Clip3,237,574.0,476.0,1,0
game8/Clip3,238,568.0,480.0,1,0
game8/Clip3,239,560.0,486.0,1,0
game8/Clip3,240,552.0,494.0,1,0
game8/Clip3,241,544.0,502.0,1,0
game8/Clip3,242,536.0,512.0,1,0
game8/Clip3,243,528.0,524.0,1,0
game8/Clip3,244,520.0,536.0,1,0
game8/Clip3,245,512.0,550.0,1,0
game8/Clip3,246,508.0,544.0,1,1
game8/Clip3,247,514.0,506.0,1,0
game8/Clip3,248,516.0,470.0,1,0
game8/Clip3,249,520.0,438.0,1,0
game8/Clip3,250,524.0,412.0,1,0
game8/Clip3,251,526.0,390.0,1,0
game8/Clip3,252,528.0,368.0,1,0
game8/Clip3,253,530.0,350.0,1,0
game8/Clip3,254,532.0,334.0,1,0
game8/Clip3,255,534.0,320.0,1,0
game8/Clip3,256,536.0,310.0,1,0
game8/Clip3,257,538.0,300.0,1,0
game8/Clip3,258,538.0,292.0,1,0
game8/Clip3,259,540.0,286.0,1,0
game8/Clip3,260,540.0,284.0,1,0
game8/Clip3,261,542.0,280.0,1,0
game8/Clip3,262,542.0,276.0,1,0
game8/Clip3,263,542.0,276.0,1,0
game8/Clip3,264,542.0,278.0,1,2
game8/Clip3,265,544.0,278.0,1,0
game8/Clip3,266,542.0,276.0,1,0
game8/Clip3,267,542.0,260.0,1,0
game8/Clip3,268,542.0,248.0,1,0
game8/Clip3,269,542.0,236.0,1,0
game8/Clip3,270,542.0,226.0,1,0
game8/Clip3,271,542.0,216.0,1,0
game8/Clip3,272,542.0,208.0,1,0
game8/Clip3,273,542.0,202.0,1,0
game8/Clip3,274,542.0,196.0,1,0
game8/Clip3,275,542.0,190.0,1,0
game8/Clip3,276,542.0,188.0,1,1
game8/Clip3,277,550.0,190.0,1,0
game8/Clip3,278,558.0,194.0,1,0
game8/Clip3,279,572.0,530.0,1,0
game8/Clip3,280,578.0,528.0,1,0
game8/Clip3,281,598.0,216.0,1,0
game8/Clip3,282,610.0,226.0,1,0
game8/Clip3,283,620.0,238.0,1,0
game8/Clip3,284,636.0,246.0,1,0
game8/Clip3,285,648.0,260.0,1,0
game8/Clip3,286,660.0,274.0,1,0
game8/Clip3,287,674.0,288.0,1,0
game8/Clip3,288,688.0,306.0,1,0
game8/Clip3,289,724.0,532.0,1,0
game8/Clip3,290,718.0,346.0,1,0
game8/Clip3,291,732.0,366.0,1,0
game8/Clip3,292,748.0,390.0,1,0
game8/Clip3,293,760.0,506.0,1,0
game8/Clip3,294,768.0,504.0,1,0
game8/Clip3,295,794.0,466.0,1,0
game8/Clip3,296,812.0,500.0,1,0
game8/Clip3,297,826.0,528.0,1,0
game8/Clip3,298,844.0,552.0,1,2
game8/Clip3,299,856.0,552.0,1,0
game8/Clip3,300,868.0,552.0,1,0
game8/Clip3,301,880.0,556.0,1,0
game8/Clip3,302,892.0,560.0,1,0
game8/Clip3,303,906.0,566.0,1,0
game8/Clip3,304,918.0,574.0,1,0
game8/Clip3,305,906.0,540.0,1,1
game8/Clip3,306,890.0,504.0,1,0
game8/Clip3,307,872.0,470.0,1,0
game8/Clip3,308,860.0,444.0,1,0
game8/Clip3,309,846.0,420.0,1,0
game8/Clip3,310,834.0,398.0,1,0
game8/Clip3,311,822.0,380.0,1,0
game8/Clip3,312,814.0,364.0,1,0
game8/Clip3,313,804.0,348.0,1,0
game8/Clip3,314,794.0,338.0,1,0
game8/Clip3,315,788.0,328.0,1,0
game8/Clip3,316,778.0,318.0,1,0
game8/Clip3,317,772.0,312.0,1,0
game8/Clip3,318,766.0,306.0,1,0
game8/Clip3,319,758.0,302.0,1,0
game8/Clip3,320,754.0,300.0,1,0
game8/Clip3,321,750.0,298.0,1,0
game8/Clip3,322,742.0,296.0,1,0
game8/Clip3,323,742.0,296.0,1,0
game8/Clip3,324,,,0,2
game8/Clip3,325,728.0,292.0,1,0
game8/Clip3,326,726.0,278.0,1,0
game8/Clip3,327,722.0,266.0,1,0
game8/Clip3,328,718.0,256.0,1,0
game8/Clip3,329,714.0,246.0,1,0
game8/Clip3,330,712.0,240.0,1,0
game8/Clip3,331,710.0,230.0,1,0
game8/Clip3,332,706.0,226.0,1,0
game8/Clip3,333,702.0,220.0,1,0
game8/Clip3,334,700.0,216.0,1,0
game8/Clip3,335,698.0,214.0,1,0
game8/Clip3,336,694.0,212.0,1,0
game8/Clip3,337,692.0,210.0,1,0
game8/Clip3,338,692.0,210.0,1,1
game8/Clip3,339,700.0,210.0,1,0
game8/Clip3,340,706.0,210.0,1,0
game8/Clip3,341,714.0,212.0,1,0
game8/Clip3,342,724.0,216.0,1,0
game8/Clip3,343,732.0,220.0,1,0
game8/Clip3,344,740.0,224.0,1,0
game8/Clip3,345,748.0,230.0,1,0
game8/Clip3,346,756.0,238.0,1,0
game8/Clip3,347,766.0,246.0,1,0
game8/Clip3,348,774.0,256.0,1,0
game8/Clip3,349,784.0,266.0,1,0
game8/Clip3,350,792.0,278.0,1,0
game8/Clip3,351,800.0,290.0,1,0
game8/Clip3,352,810.0,306.0,1,0
game8/Clip3,353,820.0,320.0,1,0
game8/Clip3,354,830.0,340.0,1,0
game8/Clip3,355,840.0,358.0,1,0
game8/Clip3,356,850.0,380.0,1,0
game8/Clip3,357,860.0,400.0,1,0
game8/Clip3,358,872.0,426.0,1,0
game8/Clip3,359,882.0,450.0,1,0
game8/Clip3,360,892.0,474.0,1,0
game8/Clip3,361,904.0,504.0,1,0
game8/Clip3,362,916.0,536.0,1,0
game8/Clip3,363,922.0,534.0,1,2
game8/Clip3,364,928.0,532.0,1,0
game8/Clip3,365,,,0,0
game8/Clip3,366,944.0,528.0,1,0
game8/Clip3,367,952.0,528.0,1,0
game8/Clip3,368,958.0,530.0,1,0
game8/Clip3,369,966.0,534.0,1,0
game8/Clip3,370,974.0,538.0,1,0
game8/Clip3,371,980.0,544.0,1,0
game8/Clip3,372,988.0,552.0,1,0
game8/Clip3,373,996.0,562.0,1,0
game8/Clip3,374,1002.0,572.0,1,0
game8/Clip3,375,1010.0,584.0,1,0
game8/Clip3,376,1018.0,598.0,1,0
game8/Clip3,377,1026.0,614.0,1,0
game8/Clip3,378,1034.0,632.0,1,0
game8/Clip3,379,1042.0,650.0,1,0
game8/Clip3,380,1050.0,672.0,1,0
game8/Clip3,381,1058.0,694.0,1,0
game8/Clip3,382,1064.0,714.0,1,0
game8/Clip3,383,,,0,0
game8/Clip3,384,,,0,0
game8/Clip3,385,908.0,406.0,1,0
game8/Clip3,386,262.0,170.0,1,0
game8/Clip3,387,,,0,0
game8/Clip3,388,,,0,0
game8/Clip3,389,,,0,0
game8/Clip3,390,,,0,0
game8/Clip3,391,,,0,0
game8/Clip3,392,,,0,0
game8/Clip3,393,,,0,0
game8/Clip3,394,,,0,0
game8/Clip3,395,,,0,0
game8/Clip3,396,,,0,0
game8/Clip3,397,1074.0,160.0,1,0
game8/Clip3,398,262.0,170.0,1,0
game8/Clip3,399,266.0,172.0,1,0
game8/Clip3,400,270.0,176.0,1,0
game8/Clip3,401,,,0,0
game8/Clip3,402,,,0,0
game8/Clip3,403,,,0,0
game8/Clip3,404,,,0,0
game8/Clip3,405,,,0,0
game8/Clip3,406,,,0,0
game8/Clip3,407,,,0,0
game8/Clip3,408,1056.0,146.0,1,0
game8/Clip3,409,1054.0,146.0,1,0
game8/Clip3,410,1054.0,148.0,1,0
game8/Clip3,411,1052.0,148.0,1,0
game8/Clip3,412,1050.0,148.0,1,0
game8/Clip4,0,,,0,0
game8/Clip4,1,,,0,0
game8/Clip4,2,722.0,448.0,1,0
game8/Clip4,3,720.0,436.0,1,0
game8/Clip4,4,718.0,424.0,1,0
game8/Clip4,5,714.0,412.0,1,0
game8/Clip4,6,712.0,402.0,1,0
game8/Clip4,7,708.0,394.0,1,0
game8/Clip4,8,706.0,388.0,1,0
game8/Clip4,9,704.0,380.0,1,0
game8/Clip4,10,702.0,374.0,1,0
game8/Clip4,11,698.0,372.0,1,0
game8/Clip4,12,696.0,370.0,1,0
game8/Clip4,13,692.0,368.0,1,0
game8/Clip4,14,690.0,368.0,1,0
game8/Clip4,15,686.0,372.0,1,0
game8/Clip4,16,684.0,372.0,1,0
game8/Clip4,17,682.0,376.0,1,0
game8/Clip4,18,680.0,382.0,1,0
game8/Clip4,19,678.0,388.0,1,0
game8/Clip4,20,676.0,394.0,1,0
game8/Clip4,21,674.0,402.0,1,0
game8/Clip4,22,670.0,410.0,1,1
game8/Clip4,23,660.0,390.0,1,0
game8/Clip4,24,650.0,368.0,1,0
game8/Clip4,25,638.0,352.0,1,0
game8/Clip4,26,628.0,340.0,1,0
game8/Clip4,27,620.0,328.0,1,0
game8/Clip4,28,610.0,320.0,1,0
game8/Clip4,29,600.0,314.0,1,0
game8/Clip4,30,592.0,310.0,1,0
game8/Clip4,31,582.0,306.0,1,0
game8/Clip4,32,574.0,306.0,1,0
game8/Clip4,33,566.0,306.0,1,0
game8/Clip4,34,558.0,306.0,1,0
game8/Clip4,35,548.0,310.0,1,0
game8/Clip4,36,542.0,312.0,1,2
game8/Clip4,37,536.0,302.0,1,0
game8/Clip4,38,532.0,284.0,1,0
game8/Clip4,39,528.0,270.0,1,0
game8/Clip4,40,524.0,256.0,1,0
game8/Clip4,41,520.0,242.0,1,0
game8/Clip4,42,516.0,230.0,1,0
game8/Clip4,43,512.0,220.0,1,0
game8/Clip4,44,508.0,212.0,1,0
game8/Clip4,45,504.0,206.0,1,0
game8/Clip4,46,502.0,200.0,1,1
game8/Clip4,47,500.0,202.0,1,0
game8/Clip4,48,498.0,212.0,1,0
game8/Clip4,49,498.0,220.0,1,0
game8/Clip4,50,496.0,232.0,1,0
game8/Clip4,51,494.0,244.0,1,0
game8/Clip4,52,494.0,260.0,1,0
game8/Clip4,53,492.0,274.0,1,0
game8/Clip4,54,490.0,288.0,1,0
game8/Clip4,55,488.0,308.0,1,0
game8/Clip4,56,488.0,324.0,1,0
game8/Clip4,57,484.0,348.0,1,0
game8/Clip4,58,482.0,368.0,1,0
game8/Clip4,59,480.0,392.0,1,0
game8/Clip4,60,476.0,418.0,1,0
game8/Clip4,61,474.0,444.0,1,0
game8/Clip4,62,194.0,172.0,1,0
game8/Clip4,63,468.0,502.0,1,0
game8/Clip4,64,468.0,504.0,1,2
game8/Clip4,65,464.0,506.0,1,0
game8/Clip4,66,464.0,510.0,1,0
game8/Clip4,67,462.0,516.0,1,0
game8/Clip4,68,460.0,522.0,1,0
game8/Clip4,69,458.0,530.0,1,0
game8/Clip4,70,456.0,540.0,1,0
game8/Clip4,71,454.0,552.0,1,0
game8/Clip4,72,452.0,566.0,1,0
game8/Clip4,73,450.0,580.0,1,0
game8/Clip4,74,450.0,594.0,1,1
game8/Clip4,75,462.0,568.0,1,0
game8/Clip4,76,478.0,532.0,1,0
game8/Clip4,77,494.0,502.0,1,0
game8/Clip4,78,508.0,472.0,1,0
game8/Clip4,79,520.0,446.0,1,0
game8/Clip4,80,534.0,420.0,1,0
game8/Clip4,81,544.0,400.0,1,0
game8/Clip4,82,556.0,380.0,1,0
game8/Clip4,83,566.0,362.0,1,0
game8/Clip4,84,574.0,346.0,1,0
game8/Clip4,85,584.0,330.0,1,0
game8/Clip4,86,594.0,316.0,1,0
game8/Clip4,87,602.0,302.0,1,0
game8/Clip4,88,610.0,292.0,1,0
game8/Clip4,89,618.0,282.0,1,0
game8/Clip4,90,626.0,272.0,1,0
game8/Clip4,91,634.0,264.0,1,0
game8/Clip4,92,640.0,256.0,1,0
game8/Clip4,93,646.0,252.0,1,0
game8/Clip4,94,654.0,246.0,1,0
game8/Clip4,95,660.0,240.0,1,0
game8/Clip4,96,666.0,236.0,1,0
game8/Clip4,97,672.0,234.0,1,0
game8/Clip4,98,676.0,232.0,1,0
game8/Clip4,99,682.0,230.0,1,0
game8/Clip4,100,688.0,230.0,1,0
game8/Clip4,101,692.0,230.0,1,0
game8/Clip4,102,698.0,230.0,1,0
game8/Clip4,103,702.0,232.0,1,0
game8/Clip4,104,708.0,234.0,1,0
game8/Clip4,105,710.0,236.0,1,0
game8/Clip4,106,716.0,238.0,1,0
game8/Clip4,107,720.0,242.0,1,0
game8/Clip4,108,724.0,246.0,1,0
game8/Clip4,109,728.0,250.0,1,0
game8/Clip4,110,732.0,254.0,1,0
game8/Clip4,111,736.0,258.0,1,0
game8/Clip4,112,738.0,260.0,1,2
game8/Clip4,113,740.0,250.0,1,0
game8/Clip4,114,742.0,240.0,1,0
game8/Clip4,115,744.0,234.0,1,0
game8/Clip4,116,746.0,226.0,1,0
game8/Clip4,117,748.0,222.0,1,0
game8/Clip4,118,750.0,216.0,1,0
game8/Clip4,119,752.0,212.0,1,0
game8/Clip4,120,754.0,210.0,1,0
game8/Clip4,121,754.0,208.0,1,1
game8/Clip4,122,820.0,240.0,1,0
game8/Clip4,123,824.0,240.0,1,0
game8/Clip4,124,716.0,218.0,1,0
game8/Clip4,125,698.0,224.0,1,0
game8/Clip4,126,678.0,234.0,1,0
game8/Clip4,127,662.0,244.0,1,0
game8/Clip4,128,640.0,254.0,1,0
game8/Clip4,129,620.0,268.0,1,0
game8/Clip4,130,600.0,282.0,1,0
game8/Clip4,131,580.0,296.0,1,0
game8/Clip4,132,558.0,318.0,1,0
game8/Clip5,0,,,0,0
game8/Clip5,1,,,0,0
game8/Clip5,2,580.0,452.0,1,0
game8/Clip5,3,578.0,440.0,1,0
game8/Clip5,4,576.0,426.0,1,0
game8/Clip5,5,574.0,414.0,1,0
game8/Clip5,6,572.0,404.0,1,0
game8/Clip5,7,568.0,394.0,1,0
game8/Clip5,8,566.0,386.0,1,0
game8/Clip5,9,564.0,378.0,1,0
game8/Clip5,10,562.0,372.0,1,0
game8/Clip5,11,560.0,368.0,1,0
game8/Clip5,12,556.0,364.0,1,0
game8/Clip5,13,554.0,362.0,1,0
game8/Clip5,14,552.0,360.0,1,0
game8/Clip5,15,550.0,362.0,1,0
game8/Clip5,16,548.0,364.0,1,0
game8/Clip5,17,546.0,366.0,1,0
game8/Clip5,18,544.0,370.0,1,0
game8/Clip5,19,542.0,374.0,1,0
game8/Clip5,20,540.0,380.0,1,0
game8/Clip5,21,538.0,388.0,1,0
game8/Clip5,22,536.0,396.0,1,0
game8/Clip5,23,534.0,406.0,1,1
game8/Clip5,24,558.0,394.0,1,0
game8/Clip5,25,596.0,372.0,1,0
game8/Clip5,26,624.0,358.0,1,0
game8/Clip5,27,650.0,346.0,1,0
game8/Clip5,28,674.0,338.0,1,0
game8/Clip5,29,648.0,604.0,1,0
game8/Clip5,30,714.0,322.0,1,0
game8/Clip5,31,730.0,318.0,1,0
game8/Clip5,32,742.0,318.0,1,0
game8/Clip5,33,756.0,316.0,1,0
game8/Clip5,34,766.0,316.0,1,0
game8/Clip5,35,778.0,318.0,1,0
game8/Clip5,36,788.0,320.0,1,2
game8/Clip5,37,794.0,314.0,1,0
game8/Clip5,38,802.0,292.0,1,0
game8/Clip5,39,810.0,276.0,1,0
game8/Clip5,40,816.0,260.0,1,0
game8/Clip5,41,,,0,0
game8/Clip5,42,,,0,0
game8/Clip5,43,838.0,218.0,1,0
game8/Clip5,44,842.0,208.0,1,0
game8/Clip5,45,846.0,200.0,1,0
game8/Clip5,46,850.0,192.0,1,0
game8/Clip5,47,850.0,188.0,1,1
game8/Clip5,48,,,0,0
game8/Clip5,49,794.0,210.0,1,0
game8/Clip5,50,772.0,218.0,1,0
game8/Clip5,51,746.0,230.0,1,0
game8/Clip5,52,720.0,244.0,1,0
game8/Clip5,53,692.0,260.0,1,0
game8/Clip5,54,844.0,252.0,1,0
game8/Clip5,55,636.0,296.0,1,0
game8/Clip5,56,,,0,0
game8/Clip5,57,578.0,340.0,1,0
game8/Clip5,58,,,0,0
game8/Clip5,59,520.0,380.0,1,0
game8/Clip5,60,490.0,406.0,1,0
game8/Clip5,61,458.0,434.0,1,0
game8/Clip5,62,428.0,462.0,1,0
game8/Clip5,63,408.0,624.0,1,2
game8/Clip5,64,194.0,172.0,1,0
game8/Clip5,65,194.0,172.0,1,0
game8/Clip5,66,326.0,506.0,1,0
game8/Clip5,67,304.0,510.0,1,0
game8/Clip5,68,278.0,518.0,1,0
game8/Clip5,69,256.0,526.0,1,0
game8/Clip5,70,226.0,536.0,1,0
game8/Clip5,71,202.0,548.0,1,0
game8/Clip5,72,176.0,562.0,1,0
game8/Clip5,73,150.0,578.0,1,0
game8/Clip5,74,122.0,596.0,1,0
game8/Clip5,75,96.0,616.0,1,0
game8/Clip5,76,68.0,636.0,1,0
game8/Clip5,77,38.0,662.0,1,0
game8/Clip5,78,8.0,688.0,1,0
game8/Clip5,79,,,0,0
game8/Clip5,80,722.0,222.0,1,0
game8/Clip5,81,740.0,268.0,1,0
game8/Clip5,82,732.0,268.0,1,0
game8/Clip5,83,726.0,266.0,1,0
game8/Clip5,84,722.0,268.0,1,0
game8/Clip5,85,,,0,0
game8/Clip5,86,,,0,0
game8/Clip6,0,,,0,0
game8/Clip6,1,,,0,0
game8/Clip6,2,554.0,370.0,1,0
game8/Clip6,3,554.0,376.0,1,0
game8/Clip6,4,552.0,382.0,1,0
game8/Clip6,5,552.0,388.0,1,0
game8/Clip6,6,550.0,396.0,1,1
game8/Clip6,7,586.0,378.0,1,0
game8/Clip6,8,624.0,358.0,1,0
game8/Clip6,9,654.0,344.0,1,0
game8/Clip6,10,680.0,332.0,1,0
game8/Clip6,11,706.0,324.0,1,0
game8/Clip6,12,728.0,316.0,1,0
game8/Clip6,13,744.0,310.0,1,0
game8/Clip6,14,760.0,308.0,1,0
game8/Clip6,15,776.0,306.0,1,0
game8/Clip6,16,788.0,306.0,1,0
game8/Clip6,17,800.0,306.0,1,0
game8/Clip6,18,810.0,306.0,1,0
game8/Clip6,19,820.0,310.0,1,2
game8/Clip6,20,540.0,510.0,1,0
game8/Clip6,21,836.0,278.0,1,0
game8/Clip6,22,548.0,508.0,1,0
game8/Clip6,23,850.0,246.0,1,0
game8/Clip6,24,860.0,232.0,1,0
game8/Clip6,25,864.0,218.0,1,0
game8/Clip6,26,868.0,206.0,1,0
game8/Clip6,27,874.0,196.0,1,0
game8/Clip6,28,880.0,190.0,1,0
game8/Clip6,29,884.0,182.0,1,0
game8/Clip6,30,886.0,178.0,1,1
game8/Clip6,31,824.0,234.0,1,0
game8/Clip6,32,,,0,0
game8/Clip6,33,820.0,200.0,1,0
game8/Clip6,34,796.0,210.0,1,0
game8/Clip6,35,774.0,220.0,1,0
game8/Clip6,36,750.0,232.0,1,0
game8/Clip6,37,724.0,246.0,1,0
game8/Clip6,38,700.0,260.0,1,0
game8/Clip6,39,676.0,274.0,1,0
game8/Clip6,40,,,0,0
game8/Clip6,41,624.0,308.0,1,0
game8/Clip6,42,598.0,328.0,1,0
game8/Clip6,43,572.0,348.0,1,0
game8/Clip6,44,544.0,370.0,1,0
game8/Clip6,45,516.0,394.0,1,0
game8/Clip6,46,192.0,158.0,1,0
game8/Clip6,47,194.0,160.0,1,0
game8/Clip6,48,430.0,470.0,1,0
game8/Clip6,49,394.0,506.0,1,0
game8/Clip6,50,370.0,520.0,1,2
game8/Clip6,51,350.0,520.0,1,0
game8/Clip6,52,326.0,520.0,1,0
game8/Clip6,53,302.0,524.0,1,0
game8/Clip6,54,280.0,528.0,1,0
game8/Clip6,55,258.0,536.0,1,0
game8/Clip6,56,236.0,542.0,1,0
game8/Clip6,57,210.0,552.0,1,0
game8/Clip6,58,184.0,564.0,1,0
game8/Clip6,59,160.0,576.0,1,0
game8/Clip6,60,134.0,592.0,1,0
game8/Clip6,61,110.0,608.0,1,0
game8/Clip6,62,82.0,628.0,1,0
game8/Clip6,63,56.0,648.0,1,0
game8/Clip6,64,28.0,672.0,1,0
game8/Clip6,65,4.0,694.0,1,0
game8/Clip6,66,746.0,244.0,1,0
game8/Clip6,67,744.0,246.0,1,0
game8/Clip6,68,,,0,0
game8/Clip6,69,,,0,0
game8/Clip6,70,534.0,164.0,1,0
game8/Clip6,71,,,0,0
game8/Clip6,72,,,0,0
game8/Clip6,73,,,0,0
game8/Clip6,74,830.0,138.0,1,0
game8/Clip6,75,828.0,138.0,1,0
game8/Clip6,76,824.0,144.0,1,0
game8/Clip6,77,830.0,168.0,1,0
game8/Clip6,78,828.0,164.0,1,0
game8/Clip6,79,472.0,120.0,1,0
game8/Clip6,80,470.0,118.0,1,0
game8/Clip6,81,468.0,114.0,1,0
game8/Clip6,82,466.0,112.0,1,0
game8/Clip6,83,,,0,0
game8/Clip6,84,486.0,146.0,1,0
game8/Clip6,85,496.0,162.0,1,0
game8/Clip6,86,494.0,162.0,1,0
game8/Clip6,87,486.0,164.0,1,0
game8/Clip6,88,480.0,166.0,1,0
game8/Clip6,89,472.0,168.0,1,0
game8/Clip6,90,644.0,232.0,1,0
game8/Clip6,91,796.0,144.0,1,0
game8/Clip6,92,802.0,162.0,1,0
game8/Clip6,93,798.0,158.0,1,0
game8/Clip6,94,794.0,158.0,1,0
game8/Clip6,95,790.0,158.0,1,0
game8/Clip6,96,784.0,158.0,1,0
game8/Clip6,97,,,0,0
game8/Clip6,98,,,0,0
game8/Clip6,99,468.0,166.0,1,0
game8/Clip6,100,,,0,0
game8/Clip6,101,778.0,142.0,1,0
game8/Clip6,102,774.0,144.0,1,0
game8/Clip6,103,774.0,148.0,1,0
game8/Clip6,104,,,0,0
game8/Clip6,105,778.0,166.0,1,0
game8/Clip6,106,774.0,162.0,1,0
game8/Clip6,107,770.0,160.0,1,0
game8/Clip6,108,766.0,160.0,1,0
game8/Clip6,109,,,0,0
game8/Clip6,110,,,0,0
game8/Clip6,111,748.0,168.0,1,0
game8/Clip6,112,,,0,0
game8/Clip6,113,,,0,0
game8/Clip6,114,,,0,0
game8/Clip6,115,,,0,0
game8/Clip6,116,76.0,604.0,1,0
game8/Clip6,117,74.0,602.0,1,0
game8/Clip6,118,66.0,604.0,1,0
game8/Clip6,119,58.0,606.0,1,0
game8/Clip6,120,52.0,606.0,1,0
game8/Clip6,121,54.0,628.0,1,0
game8/Clip6,122,44.0,628.0,1,0
game8/Clip6,123,38.0,626.0,1,0
game8/Clip6,124,30.0,626.0,1,0
game8/Clip6,125,22.0,626.0,1,0
game8/Clip6,126,16.0,628.0,1,0
game8/Clip6,127,10.0,628.0,1,0
game8/Clip6,128,,,0,0
game8/Clip6,129,,,0,0
game8/Clip6,130,,,0,0
game8/Clip7,0,,,0,0
game8/Clip7,1,,,0,0
game8/Clip7,2,574.0,370.0,1,0
game8/Clip7,3,574.0,374.0,1,0
game8/Clip7,4,572.0,378.0,1,0
game8/Clip7,5,570.0,384.0,1,0
game8/Clip7,6,570.0,390.0,1,0
game8/Clip7,7,570.0,396.0,1,0
game8/Clip7,8,578.0,390.0,1,1
game8/Clip7,9,594.0,372.0,1,0
game8/Clip7,10,606.0,356.0,1,0
game8/Clip7,11,618.0,346.0,1,0
game8/Clip7,12,626.0,336.0,1,0
game8/Clip7,13,634.0,328.0,1,0
game8/Clip7,14,640.0,328.0,1,0
game8/Clip7,15,648.0,318.0,1,0
game8/Clip7,16,654.0,314.0,1,0
game8/Clip7,17,656.0,314.0,1,0
game8/Clip7,18,660.0,314.0,1,2
game8/Clip7,19,540.0,516.0,1,0
game8/Clip7,20,666.0,278.0,1,0
game8/Clip7,21,668.0,260.0,1,0
game8/Clip7,22,670.0,240.0,1,0
game8/Clip7,23,672.0,224.0,1,0
game8/Clip7,24,674.0,210.0,1,0
game8/Clip7,25,676.0,198.0,1,0
game8/Clip7,26,676.0,188.0,1,0
game8/Clip7,27,678.0,180.0,1,0
game8/Clip7,28,678.0,172.0,1,0
game8/Clip7,29,716.0,228.0,1,0
game8/Clip7,30,684.0,174.0,1,1
game8/Clip7,31,686.0,182.0,1,0
game8/Clip7,32,688.0,190.0,1,0
game8/Clip7,33,692.0,202.0,1,0
game8/Clip7,34,658.0,166.0,1,0
game8/Clip7,35,902.0,168.0,1,0
game8/Clip7,36,508.0,600.0,1,0
game8/Clip7,37,704.0,254.0,1,0
game8/Clip7,38,706.0,268.0,1,0
game8/Clip7,39,710.0,284.0,1,0
game8/Clip7,40,712.0,304.0,1,0
game8/Clip7,41,714.0,324.0,1,0
game8/Clip7,42,718.0,346.0,1,0
game8/Clip7,43,720.0,366.0,1,0
game8/Clip7,44,722.0,392.0,1,0
game8/Clip7,45,724.0,416.0,1,0
game8/Clip7,46,726.0,444.0,1,0
game8/Clip7,47,192.0,164.0,1,0
game8/Clip7,48,192.0,162.0,1,0
game8/Clip7,49,734.0,532.0,1,2
game8/Clip7,50,736.0,532.0,1,0
game8/Clip7,51,738.0,532.0,1,0
game8/Clip7,52,740.0,536.0,1,0
game8/Clip7,53,742.0,540.0,1,0
game8/Clip7,54,744.0,546.0,1,0
game8/Clip7,55,748.0,552.0,1,0
game8/Clip7,56,734.0,526.0,1,1
game8/Clip7,57,718.0,498.0,1,0
game8/Clip7,58,702.0,466.0,1,0
game8/Clip7,59,688.0,442.0,1,0
game8/Clip7,60,674.0,418.0,1,0
game8/Clip7,61,660.0,398.0,1,0
game8/Clip7,62,650.0,382.0,1,0
game8/Clip7,63,638.0,368.0,1,0
game8/Clip7,64,626.0,354.0,1,0
game8/Clip7,65,616.0,342.0,1,0
game8/Clip7,66,606.0,334.0,1,0
game8/Clip7,67,598.0,328.0,1,0
game8/Clip7,68,590.0,320.0,1,0
game8/Clip7,69,582.0,316.0,1,0
game8/Clip7,70,574.0,312.0,1,0
game8/Clip7,71,566.0,310.0,1,0
game8/Clip7,72,560.0,310.0,1,0
game8/Clip7,73,554.0,310.0,1,0
game8/Clip7,74,548.0,310.0,1,0
game8/Clip7,75,540.0,312.0,1,2
game8/Clip7,76,536.0,298.0,1,0
game8/Clip7,77,532.0,286.0,1,0
game8/Clip7,78,528.0,274.0,1,0
game8/Clip7,79,524.0,264.0,1,0
game8/Clip7,80,518.0,254.0,1,0
game8/Clip7,81,516.0,246.0,1,0
game8/Clip7,82,510.0,240.0,1,0
game8/Clip7,83,508.0,234.0,1,0
game8/Clip7,84,504.0,228.0,1,0
game8/Clip7,85,500.0,226.0,1,0
game8/Clip7,86,496.0,222.0,1,0
game8/Clip7,87,494.0,222.0,1,0
game8/Clip7,88,490.0,220.0,1,0
game8/Clip7,89,486.0,222.0,1,0
game8/Clip7,90,484.0,222.0,1,0
game8/Clip7,91,482.0,224.0,1,1
game8/Clip7,92,492.0,222.0,1,0
game8/Clip7,93,502.0,222.0,1,0
game8/Clip7,94,,,0,0
game8/Clip7,95,,,0,0
game8/Clip7,96,,,0,0
game8/Clip7,97,502.0,204.0,1,0
game8/Clip7,98,502.0,206.0,1,0
game8/Clip7,99,586.0,244.0,1,0
game8/Clip7,100,600.0,250.0,1,0
game8/Clip7,101,614.0,260.0,1,0
game8/Clip7,102,632.0,270.0,1,0
game8/Clip7,103,646.0,282.0,1,0
game8/Clip7,104,664.0,294.0,1,0
game8/Clip7,105,678.0,308.0,1,0
game8/Clip7,106,696.0,324.0,1,0
game8/Clip7,107,712.0,340.0,1,0
game8/Clip7,108,728.0,358.0,1,0
game8/Clip7,109,746.0,380.0,1,0
game8/Clip7,110,764.0,400.0,1,0
game8/Clip7,111,782.0,422.0,1,0
game8/Clip7,112,800.0,446.0,1,0
game8/Clip7,113,858.0,506.0,1,0
game8/Clip7,114,834.0,480.0,1,2
game8/Clip7,115,848.0,476.0,1,0
game8/Clip7,116,860.0,474.0,1,0
game8/Clip7,117,874.0,472.0,1,0
game8/Clip7,118,888.0,472.0,1,0
game8/Clip7,119,900.0,474.0,1,0
game8/Clip7,120,912.0,508.0,1,0
game8/Clip7,121,932.0,480.0,1,0
game8/Clip7,122,944.0,486.0,1,0
game8/Clip7,123,960.0,492.0,1,0
game8/Clip7,124,974.0,500.0,1,0
game8/Clip7,125,990.0,510.0,1,0
game8/Clip7,126,1004.0,520.0,1,0
game8/Clip7,127,1020.0,532.0,1,0
game8/Clip7,128,,,0,1
game8/Clip7,129,960.0,476.0,1,0
game8/Clip7,130,926.0,444.0,1,0
game8/Clip7,131,948.0,512.0,1,0
game8/Clip7,132,860.0,388.0,1,0
game8/Clip7,133,828.0,362.0,1,0
game8/Clip7,134,804.0,346.0,1,0
game8/Clip7,135,780.0,328.0,1,0
game8/Clip7,136,756.0,312.0,1,0
game8/Clip7,137,734.0,300.0,1,0
game8/Clip7,138,712.0,286.0,1,0
game8/Clip7,139,694.0,278.0,1,0
game8/Clip7,140,676.0,272.0,1,0
game8/Clip7,141,658.0,266.0,1,0
game8/Clip7,142,644.0,260.0,1,0
game8/Clip7,143,628.0,256.0,1,0
game8/Clip7,144,612.0,254.0,1,0
game8/Clip7,145,600.0,254.0,1,0
game8/Clip7,146,586.0,252.0,1,0
game8/Clip7,147,574.0,254.0,1,0
game8/Clip7,148,564.0,256.0,1,0
game8/Clip7,149,552.0,258.0,1,0
game8/Clip7,150,540.0,260.0,1,2
game8/Clip7,151,532.0,256.0,1,0
game8/Clip7,152,526.0,242.0,1,0
game8/Clip7,153,518.0,230.0,1,0
game8/Clip7,154,870.0,544.0,1,0
game8/Clip7,155,506.0,206.0,1,0
game8/Clip7,156,500.0,198.0,1,0
game8/Clip7,157,494.0,190.0,1,0
game8/Clip7,158,488.0,184.0,1,0
game8/Clip7,159,482.0,178.0,1,0
game8/Clip7,160,478.0,176.0,1,1
game8/Clip7,161,478.0,180.0,1,0
game8/Clip7,162,478.0,184.0,1,0
game8/Clip7,163,478.0,190.0,1,0
game8/Clip7,164,478.0,198.0,1,0
game8/Clip7,165,476.0,206.0,1,0
game8/Clip7,166,476.0,216.0,1,0
game8/Clip7,167,476.0,228.0,1,0
game8/Clip7,168,476.0,240.0,1,0
game8/Clip7,169,474.0,254.0,1,0
game8/Clip7,170,472.0,268.0,1,0
game8/Clip7,171,470.0,284.0,1,0
game8/Clip7,172,470.0,302.0,1,0
game8/Clip7,173,472.0,322.0,1,0
game8/Clip7,174,466.0,340.0,1,0
game8/Clip7,175,464.0,364.0,1,0
game8/Clip7,176,462.0,388.0,1,0
game8/Clip7,177,458.0,412.0,1,0
game8/Clip7,178,456.0,438.0,1,0
game8/Clip7,179,452.0,466.0,1,0
game8/Clip7,180,450.0,496.0,1,0
game8/Clip7,181,448.0,502.0,1,2
game8/Clip7,182,446.0,502.0,1,0
game8/Clip7,183,446.0,504.0,1,0
game8/Clip7,184,444.0,506.0,1,0
game8/Clip7,185,442.0,510.0,1,0
game8/Clip7,186,442.0,516.0,1,0
game8/Clip7,187,440.0,522.0,1,0
game8/Clip7,188,440.0,530.0,1,0
game8/Clip7,189,438.0,540.0,1,0
game8/Clip7,190,436.0,552.0,1,0
game8/Clip7,191,436.0,564.0,1,0
game8/Clip7,192,432.0,580.0,1,0
game8/Clip7,193,432.0,586.0,1,1
game8/Clip7,194,434.0,548.0,1,0
game8/Clip7,195,436.0,518.0,1,0
game8/Clip7,196,436.0,488.0,1,0
game8/Clip7,197,438.0,458.0,1,0
game8/Clip7,198,438.0,434.0,1,0
game8/Clip7,199,438.0,412.0,1,0
game8/Clip7,200,440.0,390.0,1,0
game8/Clip7,201,440.0,372.0,1,0
game8/Clip7,202,440.0,354.0,1,0
game8/Clip7,203,442.0,338.0,1,0
game8/Clip7,204,442.0,324.0,1,0
game8/Clip7,205,442.0,310.0,1,0
game8/Clip7,206,442.0,298.0,1,0
game8/Clip7,207,444.0,288.0,1,0
game8/Clip7,208,444.0,278.0,1,0
game8/Clip7,209,444.0,270.0,1,0
game8/Clip7,210,444.0,262.0,1,0
game8/Clip7,211,444.0,254.0,1,0
game8/Clip7,212,444.0,252.0,1,0
game8/Clip7,213,594.0,186.0,1,0
game8/Clip7,214,,,0,0
game8/Clip7,215,446.0,238.0,1,0
game8/Clip7,216,446.0,234.0,1,0
game8/Clip7,217,444.0,230.0,1,0
game8/Clip7,218,444.0,230.0,1,0
game8/Clip7,219,444.0,228.0,1,0
game8/Clip7,220,556.0,184.0,1,0
game8/Clip7,221,562.0,230.0,1,0
game8/Clip7,222,444.0,230.0,1,0
game8/Clip7,223,446.0,232.0,1,0
game8/Clip7,224,546.0,160.0,1,0
game8/Clip7,225,448.0,238.0,1,0
game8/Clip7,226,,,0,0
game8/Clip7,227,516.0,178.0,1,0
game8/Clip7,228,446.0,248.0,1,2
game8/Clip7,229,504.0,176.0,1,0
game8/Clip7,230,446.0,236.0,1,0
game8/Clip7,231,444.0,226.0,1,0
game8/Clip7,232,444.0,220.0,1,0
game8/Clip7,233,444.0,214.0,1,0
game8/Clip7,234,442.0,208.0,1,0
game8/Clip7,235,442.0,204.0,1,0
game8/Clip7,236,442.0,202.0,1,0
game8/Clip7,237,442.0,198.0,1,0
game8/Clip7,238,442.0,196.0,1,0
game8/Clip7,239,440.0,194.0,1,0
game8/Clip7,240,440.0,194.0,1,1
game8/Clip7,241,448.0,194.0,1,0
game8/Clip7,242,482.0,218.0,1,0
game8/Clip7,243,488.0,216.0,1,0
game8/Clip7,244,488.0,196.0,1,0
game8/Clip7,245,500.0,200.0,1,0
game8/Clip7,246,512.0,204.0,1,0
game8/Clip7,247,526.0,210.0,1,0
game8/Clip7,248,540.0,216.0,1,0
game8/Clip7,249,554.0,224.0,1,0
game8/Clip7,250,570.0,232.0,1,0
game8/Clip7,251,584.0,242.0,1,0
game8/Clip7,252,600.0,252.0,1,0
game8/Clip7,253,614.0,266.0,1,0
game8/Clip7,254,632.0,278.0,1,0
game8/Clip7,255,648.0,292.0,1,0
game8/Clip7,256,666.0,310.0,1,0
game8/Clip7,257,678.0,326.0,1,0
game8/Clip7,258,700.0,348.0,1,0
game8/Clip7,259,716.0,366.0,1,0
game8/Clip7,260,736.0,388.0,1,0
game8/Clip7,261,754.0,412.0,1,0
game8/Clip7,262,774.0,436.0,1,0
game8/Clip7,263,792.0,462.0,1,0
game8/Clip7,264,808.0,486.0,1,0
game8/Clip7,265,836.0,486.0,1,2
game8/Clip7,266,502.0,222.0,1,0
game8/Clip7,267,504.0,222.0,1,0
game8/Clip7,268,872.0,502.0,1,0
game8/Clip7,269,884.0,502.0,1,0
game8/Clip7,270,898.0,504.0,1,0
game8/Clip7,271,912.0,506.0,1,0
game8/Clip7,272,914.0,542.0,1,0
game8/Clip7,273,942.0,514.0,1,0
game8/Clip7,274,954.0,520.0,1,1
game8/Clip7,275,944.0,490.0,1,0
game8/Clip7,276,930.0,458.0,1,0
game8/Clip7,277,916.0,428.0,1,0
game8/Clip7,278,902.0,402.0,1,0
game8/Clip7,279,892.0,380.0,1,0
game8/Clip7,280,882.0,360.0,1,0
game8/Clip7,281,876.0,346.0,1,0
game8/Clip7,282,,,0,0
game8/Clip7,283,858.0,320.0,1,0
game8/Clip7,284,850.0,308.0,1,0
game8/Clip7,285,844.0,298.0,1,0
game8/Clip7,286,838.0,290.0,1,0
game8/Clip7,287,834.0,284.0,1,0
game8/Clip7,288,828.0,280.0,1,0
game8/Clip7,289,824.0,276.0,1,0
game8/Clip7,290,820.0,274.0,1,0
game8/Clip7,291,816.0,274.0,1,0
game8/Clip7,292,812.0,274.0,1,0
game8/Clip7,293,810.0,274.0,1,2
game8/Clip7,294,808.0,266.0,1,0
game8/Clip7,295,804.0,252.0,1,0
game8/Clip7,296,802.0,240.0,1,0
game8/Clip7,297,800.0,228.0,1,0
game8/Clip7,298,798.0,220.0,1,0
game8/Clip7,299,796.0,212.0,1,0
game8/Clip7,300,794.0,204.0,1,0
game8/Clip7,301,792.0,198.0,1,0
game8/Clip7,302,790.0,194.0,1,0
game8/Clip7,303,788.0,190.0,1,0
game8/Clip7,304,786.0,186.0,1,0
game8/Clip7,305,784.0,186.0,1,1
game8/Clip7,306,780.0,174.0,1,0
game8/Clip7,307,776.0,162.0,1,0
game8/Clip7,308,770.0,194.0,1,0
game8/Clip7,309,774.0,200.0,1,0
game8/Clip7,310,764.0,124.0,1,0
game8/Clip7,311,758.0,114.0,1,0
game8/Clip7,312,752.0,104.0,1,0
game8/Clip7,313,748.0,94.0,1,0
game8/Clip7,314,742.0,84.0,1,0
game8/Clip7,315,738.0,74.0,1,0
game8/Clip7,316,732.0,64.0,1,0
game8/Clip7,317,726.0,56.0,1,0
game8/Clip7,318,720.0,48.0,1,0
game8/Clip7,319,714.0,42.0,1,0
game8/Clip7,320,708.0,34.0,1,0
game8/Clip7,321,704.0,30.0,1,0
game8/Clip7,322,698.0,24.0,1,0
game8/Clip7,323,690.0,20.0,1,0
game8/Clip7,324,684.0,16.0,1,0
game8/Clip7,325,678.0,12.0,1,0
game8/Clip7,326,672.0,10.0,1,0
game8/Clip7,327,666.0,8.0,1,0
game8/Clip7,328,660.0,8.0,1,0
game8/Clip7,329,652.0,8.0,1,0
game8/Clip7,330,646.0,8.0,1,0
game8/Clip7,331,638.0,10.0,1,0
game8/Clip7,332,632.0,12.0,1,0
game8/Clip7,333,626.0,14.0,1,0
game8/Clip7,334,618.0,18.0,1,0
game8/Clip7,335,610.0,22.0,1,0
game8/Clip7,336,602.0,28.0,1,0
game8/Clip7,337,596.0,36.0,1,0
game8/Clip7,338,588.0,42.0,1,0
game8/Clip7,339,580.0,50.0,1,0
game8/Clip7,340,572.0,60.0,1,0
game8/Clip7,341,564.0,70.0,1,0
game8/Clip7,342,556.0,82.0,1,0
game8/Clip7,343,804.0,214.0,1,0
game8/Clip7,344,540.0,108.0,1,0
game8/Clip7,345,532.0,122.0,1,0
game8/Clip7,346,376.0,568.0,1,0
game8/Clip7,347,514.0,152.0,1,0
game8/Clip7,348,506.0,170.0,1,0
game8/Clip7,349,496.0,188.0,1,0
game8/Clip7,350,488.0,206.0,1,0
game8/Clip7,351,478.0,226.0,1,0
game8/Clip7,352,470.0,246.0,1,0
game8/Clip7,353,460.0,270.0,1,0
game8/Clip7,354,452.0,292.0,1,0
game8/Clip7,355,442.0,316.0,1,0
game8/Clip7,356,432.0,342.0,1,0
game8/Clip7,357,424.0,368.0,1,0
game8/Clip7,358,414.0,394.0,1,0
game8/Clip7,359,404.0,424.0,1,0
game8/Clip7,360,394.0,452.0,1,0
game8/Clip7,361,382.0,486.0,1,0
game8/Clip7,362,374.0,514.0,1,0
game8/Clip7,363,364.0,548.0,1,0
game8/Clip7,364,354.0,582.0,1,0
game8/Clip7,365,346.0,602.0,1,2
game8/Clip7,366,340.0,584.0,1,0
game8/Clip7,367,334.0,566.0,1,0
game8/Clip7,368,328.0,550.0,1,0
game8/Clip7,369,324.0,536.0,1,0
game8/Clip7,370,318.0,522.0,1,0
game8/Clip7,371,312.0,510.0,1,0
game8/Clip7,372,308.0,500.0,1,0
game8/Clip7,373,302.0,490.0,1,0
game8/Clip7,374,296.0,480.0,1,0
game8/Clip7,375,290.0,474.0,1,0
game8/Clip7,376,284.0,468.0,1,0
game8/Clip7,377,280.0,464.0,1,0
game8/Clip7,378,274.0,460.0,1,0
game8/Clip7,379,268.0,458.0,1,0
game8/Clip7,380,262.0,456.0,1,0
game8/Clip7,381,256.0,458.0,1,0
game8/Clip7,382,252.0,460.0,1,0
game8/Clip7,383,246.0,462.0,1,0
game8/Clip7,384,240.0,466.0,1,0
game8/Clip7,385,236.0,472.0,1,0
game8/Clip7,386,230.0,480.0,1,0
game8/Clip7,387,226.0,488.0,1,0
game8/Clip7,388,220.0,496.0,1,0
game8/Clip7,389,216.0,508.0,1,0
game8/Clip7,390,210.0,520.0,1,0
game8/Clip7,391,206.0,532.0,1,0
game8/Clip7,392,202.0,548.0,1,0
game8/Clip7,393,196.0,564.0,1,0
game8/Clip7,394,192.0,580.0,1,0
game8/Clip7,395,,,0,0
game8/Clip7,396,,,0,0
game8/Clip7,397,10.0,214.0,1,0
game8/Clip7,398,174.0,666.0,1,0
game8/Clip7,399,168.0,686.0,1,2
game8/Clip7,400,164.0,674.0,1,0
game8/Clip7,401,260.0,590.0,1,0
game8/Clip7,402,264.0,588.0,1,0
game8/Clip7,403,266.0,584.0,1,0
game8/Clip7,404,144.0,628.0,1,0
game8/Clip7,405,138.0,620.0,1,0
game8/Clip7,406,134.0,614.0,1,0
game8/Clip7,407,128.0,610.0,1,0
game8/Clip7,408,124.0,606.0,1,0
game8/Clip7,409,118.0,604.0,1,0
game8/Clip7,410,114.0,602.0,1,0
game8/Clip7,411,108.0,604.0,1,0
game8/Clip7,412,104.0,606.0,1,0
game8/Clip7,413,100.0,610.0,1,0
game8/Clip7,414,94.0,614.0,1,0
game8/Clip7,415,90.0,620.0,1,0
game8/Clip7,416,86.0,626.0,1,0
game8/Clip7,417,80.0,636.0,1,0
game8/Clip7,418,76.0,646.0,1,0
game8/Clip7,419,72.0,656.0,1,0
game8/Clip7,420,66.0,670.0,1,0
game8/Clip7,421,62.0,684.0,1,0
game8/Clip8,0,,,0,0
game8/Clip8,1,,,0,0
game8/Clip8,2,574.0,386.0,1,0
game8/Clip8,3,572.0,380.0,1,0
game8/Clip8,4,570.0,372.0,1,0
game8/Clip8,5,570.0,368.0,1,0
game8/Clip8,6,568.0,364.0,1,0
game8/Clip8,7,566.0,362.0,1,0
game8/Clip8,8,564.0,362.0,1,0
game8/Clip8,9,564.0,364.0,1,0
game8/Clip8,10,562.0,366.0,1,0
game8/Clip8,11,562.0,368.0,1,0
game8/Clip8,12,562.0,372.0,1,0
game8/Clip8,13,560.0,376.0,1,0
game8/Clip8,14,558.0,384.0,1,0
game8/Clip8,15,558.0,390.0,1,0
game8/Clip8,16,556.0,398.0,1,0
game8/Clip8,17,580.0,436.0,1,1
game8/Clip8,18,606.0,376.0,1,0
game8/Clip8,19,636.0,360.0,1,0
game8/Clip8,20,668.0,344.0,1,0
game8/Clip8,21,694.0,332.0,1,0
game8/Clip8,22,718.0,322.0,1,0
game8/Clip8,23,736.0,314.0,1,0
game8/Clip8,24,754.0,310.0,1,0
game8/Clip8,25,768.0,306.0,1,0
game8/Clip8,26,782.0,302.0,1,0
game8/Clip8,27,796.0,300.0,1,0
game8/Clip8,28,806.0,300.0,1,0
game8/Clip8,29,816.0,300.0,1,2
game8/Clip8,30,824.0,298.0,1,0
game8/Clip8,31,830.0,278.0,1,0
game8/Clip8,32,536.0,522.0,1,0
game8/Clip8,33,540.0,516.0,1,0
game8/Clip8,34,850.0,230.0,1,0
game8/Clip8,35,856.0,216.0,1,0
game8/Clip8,36,860.0,206.0,1,0
game8/Clip8,37,864.0,196.0,1,0
game8/Clip8,38,868.0,190.0,1,0
game8/Clip8,39,822.0,236.0,1,1
game8/Clip8,40,,,0,0
game8/Clip8,41,844.0,240.0,1,0
game8/Clip8,42,804.0,214.0,1,0
game8/Clip8,43,786.0,224.0,1,0
game8/Clip8,44,766.0,236.0,1,0
game8/Clip8,45,876.0,236.0,1,0
game8/Clip8,46,880.0,240.0,1,0
game8/Clip8,47,706.0,280.0,1,0
game8/Clip8,48,688.0,294.0,1,0
game8/Clip8,49,666.0,314.0,1,0
game8/Clip8,50,,,0,0
game8/Clip8,51,624.0,354.0,1,0
game8/Clip8,52,602.0,374.0,1,0
game8/Clip8,53,578.0,400.0,1,0
game8/Clip8,54,560.0,422.0,1,0
game8/Clip8,55,536.0,450.0,1,0
game8/Clip8,56,514.0,476.0,1,0
game8/Clip8,57,194.0,168.0,1,2
game8/Clip8,58,476.0,496.0,1,0
game8/Clip8,59,460.0,498.0,1,0
game8/Clip8,60,824.0,206.0,1,0
game8/Clip8,61,820.0,208.0,1,0
game8/Clip8,62,814.0,208.0,1,0
game8/Clip8,63,198.0,170.0,1,0
game8/Clip8,64,368.0,536.0,1,0
game8/Clip8,65,352.0,546.0,1,1
game8/Clip8,66,356.0,534.0,1,0
game8/Clip8,67,370.0,508.0,1,0
game8/Clip8,68,388.0,480.0,1,0
game8/Clip8,69,402.0,462.0,1,0
game8/Clip8,70,414.0,442.0,1,0
game8/Clip8,71,426.0,424.0,1,0
game8/Clip8,72,436.0,408.0,1,0
game8/Clip8,73,448.0,394.0,1,0
game8/Clip8,74,456.0,380.0,1,0
game8/Clip8,75,466.0,368.0,1,0
game8/Clip8,76,474.0,358.0,1,0
game8/Clip8,77,482.0,348.0,1,0
game8/Clip8,78,490.0,340.0,1,0
game8/Clip8,79,496.0,332.0,1,0
game8/Clip8,80,502.0,324.0,1,0
game8/Clip8,81,508.0,320.0,1,0
game8/Clip8,82,514.0,314.0,1,0
game8/Clip8,83,518.0,310.0,1,0
game8/Clip8,84,524.0,306.0,1,0
game8/Clip8,85,,,0,0
game8/Clip8,86,532.0,300.0,1,0
game8/Clip8,87,536.0,298.0,1,0
game8/Clip8,88,540.0,298.0,1,0
game8/Clip8,89,544.0,296.0,1,0
game8/Clip8,90,548.0,298.0,1,0
game8/Clip8,91,550.0,296.0,1,2
game8/Clip8,92,550.0,288.0,1,0
game8/Clip8,93,552.0,280.0,1,0
game8/Clip8,94,552.0,272.0,1,0
game8/Clip8,95,554.0,266.0,1,0
game8/Clip8,96,554.0,260.0,1,0
game8/Clip8,97,554.0,254.0,1,0
game8/Clip8,98,556.0,250.0,1,0
game8/Clip8,99,556.0,246.0,1,0
game8/Clip8,100,556.0,246.0,1,0
game8/Clip8,101,558.0,244.0,1,0
game8/Clip8,102,558.0,244.0,1,0
game8/Clip8,103,562.0,242.0,1,1
game8/Clip8,104,568.0,240.0,1,0
game8/Clip8,105,,,0,0
game8/Clip8,106,,,0,0
game8/Clip8,107,,,0,0
game8/Clip8,108,606.0,248.0,1,0
game8/Clip8,109,612.0,250.0,1,0
game8/Clip8,110,620.0,254.0,1,0
game8/Clip8,111,630.0,260.0,1,0
game8/Clip8,112,640.0,268.0,1,0
game8/Clip8,113,650.0,276.0,1,0
game8/Clip8,114,660.0,286.0,1,0
game8/Clip8,115,670.0,296.0,1,0
game8/Clip8,116,682.0,310.0,1,0
game8/Clip8,117,692.0,322.0,1,0
game8/Clip8,118,704.0,338.0,1,0
game8/Clip8,119,716.0,354.0,1,0
game8/Clip8,120,728.0,370.0,1,0
game8/Clip8,121,742.0,390.0,1,0
game8/Clip8,122,754.0,410.0,1,0
game8/Clip8,123,766.0,430.0,1,0
game8/Clip8,124,780.0,452.0,1,2
game8/Clip8,125,788.0,448.0,1,0
game8/Clip8,126,798.0,446.0,1,0
game8/Clip8,127,808.0,444.0,1,0
game8/Clip8,128,818.0,444.0,1,0
game8/Clip8,129,828.0,446.0,1,0
game8/Clip8,130,838.0,448.0,1,0
game8/Clip8,131,848.0,452.0,1,0
game8/Clip8,132,860.0,456.0,1,0
game8/Clip8,133,870.0,462.0,1,0
game8/Clip8,134,880.0,470.0,1,0
game8/Clip8,135,892.0,478.0,1,0
game8/Clip8,136,902.0,488.0,1,0
game8/Clip8,137,912.0,498.0,1,0
game8/Clip8,138,922.0,512.0,1,0
game8/Clip8,139,912.0,540.0,1,0
game8/Clip8,140,946.0,530.0,1,1
game8/Clip8,141,930.0,492.0,1,0
game8/Clip8,142,920.0,458.0,1,0
game8/Clip8,143,,,0,0
game8/Clip8,144,,,0,0
game8/Clip8,145,862.0,508.0,1,0
game8/Clip8,146,864.0,356.0,1,0
game8/Clip8,147,856.0,338.0,1,0
game8/Clip8,148,844.0,320.0,1,0
game8/Clip8,149,836.0,308.0,1,0
game8/Clip8,150,828.0,296.0,1,0
game8/Clip8,151,820.0,286.0,1,0
game8/Clip8,152,812.0,278.0,1,0
game8/Clip8,153,804.0,272.0,1,0
game8/Clip8,154,796.0,268.0,1,0
game8/Clip8,155,788.0,264.0,1,0
game8/Clip8,156,782.0,262.0,1,0
game8/Clip8,157,774.0,260.0,1,0
game8/Clip8,158,768.0,260.0,1,0
game8/Clip8,159,762.0,260.0,1,0
game8/Clip8,160,756.0,262.0,1,0
game8/Clip8,161,750.0,264.0,1,2
game8/Clip8,162,746.0,262.0,1,0
game8/Clip8,163,742.0,248.0,1,0
game8/Clip8,164,738.0,236.0,1,0
game8/Clip8,165,734.0,224.0,1,0
game8/Clip8,166,732.0,214.0,1,0
game8/Clip8,167,728.0,206.0,1,0
game8/Clip8,168,726.0,198.0,1,0
game8/Clip8,169,722.0,192.0,1,1
game8/Clip8,170,718.0,190.0,1,0
game8/Clip8,171,,,0,0
game8/Clip8,172,,,0,0
game8/Clip8,173,714.0,232.0,1,0
game8/Clip8,174,688.0,206.0,1,0
game8/Clip8,175,682.0,210.0,1,0
game8/Clip8,176,674.0,218.0,1,0
game8/Clip8,177,666.0,226.0,1,0
game8/Clip8,178,660.0,236.0,1,0
game8/Clip8,179,652.0,246.0,1,0
game8/Clip8,180,644.0,258.0,1,0
game8/Clip8,181,636.0,270.0,1,0
game8/Clip8,182,628.0,284.0,1,0
game8/Clip8,183,620.0,296.0,1,0
game8/Clip8,184,610.0,314.0,1,0
game8/Clip8,185,604.0,332.0,1,0
game8/Clip8,186,592.0,350.0,1,0
game8/Clip8,187,584.0,368.0,1,0
game8/Clip8,188,574.0,390.0,1,0
game8/Clip8,189,564.0,412.0,1,0
game8/Clip8,190,554.0,438.0,1,0
game8/Clip8,191,544.0,464.0,1,0
game8/Clip8,192,536.0,482.0,1,2
game8/Clip8,193,530.0,478.0,1,0
game8/Clip8,194,524.0,476.0,1,0
game8/Clip8,195,516.0,474.0,1,0
game8/Clip8,196,510.0,474.0,1,0
game8/Clip8,197,504.0,476.0,1,0
game8/Clip8,198,496.0,478.0,1,0
game8/Clip8,199,490.0,480.0,1,0
game8/Clip8,200,482.0,486.0,1,0
game8/Clip8,201,476.0,492.0,1,0
game8/Clip8,202,470.0,500.0,1,1
game8/Clip8,203,468.0,500.0,1,0
game8/Clip8,204,492.0,476.0,1,0
game8/Clip8,205,518.0,452.0,1,0
game8/Clip8,206,534.0,436.0,1,0
game8/Clip8,207,554.0,418.0,1,0
game8/Clip8,208,572.0,402.0,1,0
game8/Clip8,209,588.0,390.0,1,0
game8/Clip8,210,606.0,374.0,1,0
game8/Clip8,211,620.0,362.0,1,0
game8/Clip8,212,634.0,352.0,1,0
game8/Clip8,213,650.0,342.0,1,0
game8/Clip8,214,660.0,334.0,1,0
game8/Clip8,215,674.0,326.0,1,0
game8/Clip8,216,684.0,320.0,1,0
game8/Clip8,217,696.0,314.0,1,0
game8/Clip8,218,706.0,310.0,1,0
game8/Clip8,219,718.0,304.0,1,0
game8/Clip8,220,732.0,244.0,1,0
game8/Clip8,221,744.0,244.0,1,0
game8/Clip8,222,746.0,296.0,1,0
game8/Clip8,223,756.0,294.0,1,0
game8/Clip8,224,764.0,294.0,1,0
game8/Clip8,225,772.0,294.0,1,0
game8/Clip8,226,780.0,294.0,1,2
game8/Clip8,227,786.0,290.0,1,0
game8/Clip8,228,790.0,282.0,1,0
game8/Clip8,229,796.0,274.0,1,0
game8/Clip8,230,800.0,268.0,1,0
game8/Clip8,231,806.0,262.0,1,0
game8/Clip8,232,810.0,258.0,1,0
game8/Clip8,233,826.0,248.0,1,0
game8/Clip8,234,828.0,250.0,1,0
game8/Clip8,235,832.0,248.0,1,0
game8/Clip8,236,832.0,246.0,1,0
game8/Clip8,237,836.0,244.0,1,0
game8/Clip8,238,,,0,1
game8/Clip8,239,,,0,0
game8/Clip8,240,802.0,252.0,1,0
game8/Clip8,241,792.0,256.0,1,0
game8/Clip8,242,784.0,258.0,1,0
game8/Clip8,243,772.0,260.0,1,0
game8/Clip8,244,762.0,264.0,1,0
game8/Clip8,245,752.0,270.0,1,0
game8/Clip8,246,744.0,276.0,1,0
game8/Clip8,247,736.0,282.0,1,0
game8/Clip8,248,726.0,290.0,1,0
game8/Clip8,249,718.0,298.0,1,0
game8/Clip8,250,710.0,308.0,1,0
game8/Clip8,251,702.0,318.0,1,0
game8/Clip8,252,694.0,328.0,1,0
game8/Clip8,253,686.0,340.0,1,0
game8/Clip8,254,678.0,354.0,1,0
game8/Clip8,255,672.0,366.0,1,0
game8/Clip8,256,664.0,380.0,1,0
game8/Clip8,257,656.0,398.0,1,0
game8/Clip8,258,650.0,412.0,1,0
game8/Clip8,259,534.0,504.0,1,0
game8/Clip8,260,538.0,494.0,1,0
game8/Clip8,261,628.0,468.0,1,0
game8/Clip8,262,622.0,490.0,1,0
game8/Clip8,263,618.0,502.0,1,2
game8/Clip8,264,616.0,504.0,1,0
game8/Clip8,265,614.0,506.0,1,0
game8/Clip8,266,612.0,508.0,1,0
game8/Clip8,267,610.0,510.0,1,0
game8/Clip8,268,608.0,516.0,1,0
game8/Clip8,269,606.0,522.0,1,0
game8/Clip8,270,606.0,528.0,1,0
game8/Clip8,271,604.0,536.0,1,1
game8/Clip8,272,514.0,472.0,1,0
game8/Clip8,273,586.0,472.0,1,0
game8/Clip8,274,574.0,440.0,1,0
game8/Clip8,275,564.0,412.0,1,0
game8/Clip8,276,554.0,392.0,1,0
game8/Clip8,277,546.0,368.0,1,0
game8/Clip8,278,538.0,352.0,1,0
game8/Clip8,279,530.0,336.0,1,0
game8/Clip8,280,522.0,322.0,1,0
game8/Clip8,281,514.0,312.0,1,0
game8/Clip8,282,506.0,302.0,1,0
game8/Clip8,283,500.0,294.0,1,0
game8/Clip8,284,492.0,290.0,1,0
game8/Clip8,285,486.0,284.0,1,0
game8/Clip8,286,480.0,282.0,1,0
game8/Clip8,287,474.0,280.0,1,0
game8/Clip8,288,468.0,280.0,1,0
game8/Clip8,289,462.0,280.0,1,0
game8/Clip8,290,456.0,282.0,1,0
game8/Clip8,291,452.0,284.0,1,0
game8/Clip8,292,448.0,282.0,1,2
game8/Clip8,293,758.0,246.0,1,0
game8/Clip8,294,758.0,246.0,1,0
game8/Clip8,295,434.0,244.0,1,0
game8/Clip8,296,430.0,234.0,1,0
game8/Clip8,297,426.0,224.0,1,0
game8/Clip8,298,422.0,216.0,1,0
game8/Clip8,299,420.0,210.0,1,0
game8/Clip8,300,416.0,204.0,1,0
game8/Clip8,301,412.0,200.0,1,0
game8/Clip8,302,410.0,196.0,1,0
game8/Clip8,303,406.0,194.0,1,0
game8/Clip8,304,402.0,192.0,1,0
game8/Clip8,305,400.0,192.0,1,0
game8/Clip8,306,396.0,192.0,1,0
game8/Clip8,307,394.0,192.0,1,0
game8/Clip8,308,390.0,194.0,1,0
game8/Clip8,309,388.0,196.0,1,0
game8/Clip8,310,386.0,198.0,1,0
game8/Clip8,311,384.0,202.0,1,0
game8/Clip8,312,382.0,206.0,1,2
game8/Clip8,313,380.0,200.0,1,0
game8/Clip8,314,378.0,192.0,1,0
game8/Clip8,315,374.0,184.0,1,0
game8/Clip8,316,372.0,178.0,1,0
game8/Clip8,317,370.0,172.0,1,0
game8/Clip8,318,370.0,170.0,1,0
game8/Clip9,0,,,0,0
game8/Clip9,1,,,0,0
game8/Clip9,2,564.0,382.0,1,0
game8/Clip9,3,564.0,386.0,1,0
game8/Clip9,4,564.0,392.0,1,0
game8/Clip9,5,562.0,400.0,1,1
game8/Clip9,6,592.0,384.0,1,0
game8/Clip9,7,626.0,364.0,1,0
game8/Clip9,8,656.0,348.0,1,0
game8/Clip9,9,680.0,338.0,1,0
game8/Clip9,10,704.0,326.0,1,0
game8/Clip9,11,724.0,318.0,1,0
game8/Clip9,12,742.0,312.0,1,0
game8/Clip9,13,756.0,308.0,1,0
game8/Clip9,14,772.0,304.0,1,0
game8/Clip9,15,784.0,302.0,1,0
game8/Clip9,16,794.0,300.0,1,0
game8/Clip9,17,804.0,300.0,1,0
game8/Clip9,18,814.0,302.0,1,2
game8/Clip9,19,820.0,292.0,1,0
game8/Clip9,20,826.0,276.0,1,0
game8/Clip9,21,830.0,262.0,1,0
game8/Clip9,22,782.0,228.0,1,0
game8/Clip9,23,846.0,232.0,1,0
game8/Clip9,24,850.0,220.0,1,0
game8/Clip9,25,854.0,210.0,1,0
game8/Clip9,26,858.0,202.0,1,0
game8/Clip9,27,862.0,194.0,1,1
game8/Clip9,28,804.0,234.0,1,0
game8/Clip9,29,810.0,236.0,1,0
game8/Clip9,30,816.0,238.0,1,0
game8/Clip9,31,804.0,210.0,1,0
game8/Clip9,32,788.0,218.0,1,0
game8/Clip9,33,862.0,238.0,1,0
game8/Clip9,34,750.0,238.0,1,0
game8/Clip9,35,730.0,250.0,1,0
game8/Clip9,36,708.0,264.0,1,0
game8/Clip9,37,690.0,276.0,1,0
game8/Clip9,38,,,0,0
game8/Clip9,39,648.0,310.0,1,0
game8/Clip9,40,626.0,330.0,1,0
game8/Clip9,41,604.0,348.0,1,0
game8/Clip9,42,582.0,368.0,1,0
game8/Clip9,43,560.0,392.0,1,0
game8/Clip9,44,536.0,418.0,1,0
game8/Clip9,45,194.0,164.0,1,0
game8/Clip9,46,194.0,166.0,1,0
game8/Clip9,47,466.0,500.0,1,0
game8/Clip9,48,804.0,206.0,1,0
game8/Clip9,49,558.0,166.0,1,0
game8/Clip9,50,374.0,576.0,1,2
game8/Clip9,51,198.0,166.0,1,1
game8/Clip9,52,372.0,566.0,1,0
game8/Clip9,53,390.0,536.0,1,0
game8/Clip9,54,414.0,500.0,1,0
game8/Clip9,55,436.0,466.0,1,0
game8/Clip9,56,452.0,442.0,1,0
game8/Clip9,57,472.0,414.0,1,0
game8/Clip9,58,486.0,392.0,1,0
game8/Clip9,59,502.0,370.0,1,0
game8/Clip9,60,516.0,350.0,1,0
game8/Clip9,61,530.0,332.0,1,0
game8/Clip9,62,544.0,314.0,1,0
game8/Clip9,63,554.0,300.0,1,0
game8/Clip9,64,568.0,284.0,1,0
game8/Clip9,65,578.0,272.0,1,0
game8/Clip9,66,588.0,262.0,1,0
game8/Clip9,67,598.0,250.0,1,0
game8/Clip9,68,608.0,242.0,1,0
game8/Clip9,69,618.0,232.0,1,0
game8/Clip9,70,626.0,226.0,1,0
game8/Clip9,71,636.0,220.0,1,0
game8/Clip9,72,642.0,214.0,1,0
game8/Clip9,73,650.0,210.0,1,0
game8/Clip9,74,658.0,206.0,1,0
game8/Clip9,75,664.0,204.0,1,0
game8/Clip9,76,672.0,202.0,1,0
game8/Clip9,77,678.0,200.0,1,0
game8/Clip9,78,684.0,200.0,1,0
game8/Clip9,79,690.0,200.0,1,0
game8/Clip9,80,694.0,202.0,1,0
game8/Clip9,81,700.0,204.0,1,0
game8/Clip9,82,706.0,204.0,1,0
game8/Clip9,83,708.0,208.0,1,0
game8/Clip9,84,712.0,210.0,1,0
game8/Clip9,85,718.0,216.0,1,0
game8/Clip9,86,722.0,218.0,1,0
game8/Clip9,87,726.0,224.0,1,0
game8/Clip9,88,730.0,232.0,1,0
game8/Clip9,89,734.0,236.0,1,0
game8/Clip9,90,738.0,240.0,1,0
game8/Clip9,91,742.0,246.0,1,0
game8/Clip9,92,746.0,252.0,1,2
game8/Clip9,93,746.0,242.0,1,0
game8/Clip9,94,746.0,234.0,1,0
game8/Clip9,95,,,0,0
game8/Clip9,96,746.0,216.0,1,0
game8/Clip9,97,746.0,210.0,1,0
game8/Clip9,98,748.0,204.0,1,0
game8/Clip9,99,748.0,200.0,1,0
game8/Clip9,100,748.0,196.0,1,0
game8/Clip9,101,748.0,192.0,1,0
game8/Clip9,102,748.0,190.0,1,0
game8/Clip9,103,748.0,188.0,1,0
game8/Clip9,104,748.0,188.0,1,0
game8/Clip9,105,748.0,188.0,1,0
game8/Clip9,106,748.0,188.0,1,0
game8/Clip9,107,748.0,190.0,1,1
game8/Clip9,108,750.0,192.0,1,0
game8/Clip9,109,752.0,200.0,1,0
game8/Clip9,110,754.0,208.0,1,0
game8/Clip9,111,756.0,216.0,1,0
game8/Clip9,112,760.0,226.0,1,0
game8/Clip9,113,762.0,238.0,1,0
game8/Clip9,114,766.0,252.0,1,0
game8/Clip9,115,770.0,266.0,1,0
game8/Clip9,116,772.0,282.0,1,0
game8/Clip9,117,776.0,300.0,1,0
game8/Clip9,118,782.0,318.0,1,0
game8/Clip9,119,786.0,340.0,1,0
game8/Clip9,120,790.0,360.0,1,0
game8/Clip9,121,796.0,386.0,1,0
game8/Clip9,122,800.0,410.0,1,0
game8/Clip9,123,806.0,438.0,1,0
game8/Clip9,124,810.0,466.0,1,0
game8/Clip9,125,818.0,492.0,1,2
game8/Clip9,126,822.0,494.0,1,0
game8/Clip9,127,826.0,496.0,1,0
game8/Clip9,128,830.0,500.0,1,0
game8/Clip9,129,836.0,506.0,1,0
game8/Clip9,130,840.0,512.0,1,0
game8/Clip9,131,846.0,522.0,1,0
game8/Clip9,132,850.0,532.0,1,0
game8/Clip9,133,856.0,544.0,1,0
game8/Clip9,134,860.0,558.0,1,0
game8/Clip9,135,866.0,574.0,1,0
game8/Clip9,136,872.0,592.0,1,0
game8/Clip9,137,858.0,584.0,1,1
game8/Clip9,138,860.0,544.0,1,0
game8/Clip9,139,848.0,508.0,1,0
game8/Clip9,140,836.0,476.0,1,0
game8/Clip9,141,828.0,452.0,1,0
game8/Clip9,142,818.0,426.0,1,0
game8/Clip9,143,810.0,406.0,1,0
game8/Clip9,144,802.0,388.0,1,0
game8/Clip9,145,794.0,372.0,1,0
game8/Clip9,146,786.0,360.0,1,0
game8/Clip9,147,778.0,348.0,1,0
game8/Clip9,148,772.0,338.0,1,0
game8/Clip9,149,766.0,330.0,1,0
game8/Clip9,150,760.0,324.0,1,0
game8/Clip9,151,754.0,318.0,1,0
game8/Clip9,152,748.0,314.0,1,0
game8/Clip9,153,742.0,308.0,1,0
game8/Clip9,154,738.0,306.0,1,0
game8/Clip9,155,734.0,304.0,1,0
game8/Clip9,156,728.0,302.0,1,0
game8/Clip9,157,724.0,302.0,1,0
game8/Clip9,158,720.0,304.0,1,0
game8/Clip9,159,716.0,306.0,1,2
game8/Clip9,160,712.0,296.0,1,0
game8/Clip9,161,710.0,282.0,1,0
game8/Clip9,162,706.0,272.0,1,0
game8/Clip9,163,704.0,260.0,1,0
game8/Clip9,164,702.0,250.0,1,0
game8/Clip9,165,698.0,244.0,1,0
game8/Clip9,166,696.0,236.0,1,0
game8/Clip9,167,692.0,230.0,1,0
game8/Clip9,168,690.0,226.0,1,0
game8/Clip9,169,688.0,222.0,1,0
game8/Clip9,170,686.0,218.0,1,0
game8/Clip9,171,682.0,216.0,1,0
game8/Clip9,172,680.0,216.0,1,0
game8/Clip9,173,680.0,214.0,1,1
game8/Clip9,174,684.0,208.0,1,0
game8/Clip9,175,688.0,204.0,1,0
game8/Clip9,176,692.0,200.0,1,0
game8/Clip9,177,698.0,196.0,1,0
game8/Clip9,178,702.0,192.0,1,0
game8/Clip9,179,706.0,190.0,1,0
game8/Clip9,180,712.0,186.0,1,0
game8/Clip9,181,718.0,186.0,1,0
game8/Clip9,182,722.0,184.0,1,0
game8/Clip9,183,728.0,184.0,1,0
game8/Clip9,184,734.0,186.0,1,0
game8/Clip9,185,740.0,186.0,1,0
game8/Clip9,186,746.0,188.0,1,0
game8/Clip9,187,750.0,190.0,1,0
game8/Clip9,188,756.0,194.0,1,0
game8/Clip9,189,762.0,196.0,1,0
game8/Clip9,190,768.0,202.0,1,0
game8/Clip9,191,776.0,206.0,1,0
game8/Clip9,192,782.0,212.0,1,0
game8/Clip9,193,788.0,220.0,1,0
game8/Clip9,194,794.0,226.0,1,0
game8/Clip9,195,800.0,234.0,1,0
game8/Clip9,196,806.0,244.0,1,0
game8/Clip9,197,814.0,254.0,1,0
game8/Clip9,198,820.0,264.0,1,0
game8/Clip9,199,828.0,276.0,1,0
game8/Clip9,200,834.0,288.0,1,0
game8/Clip9,201,842.0,302.0,1,0
game8/Clip9,202,850.0,316.0,1,0
game8/Clip9,203,856.0,332.0,1,0
game8/Clip9,204,864.0,348.0,1,0
game8/Clip9,205,872.0,364.0,1,0
game8/Clip9,206,562.0,242.0,1,0
game8/Clip9,207,562.0,242.0,1,0
game8/Clip9,208,562.0,242.0,1,0
game8/Clip9,209,560.0,242.0,1,2
game8/Clip9,210,912.0,434.0,1,0
game8/Clip9,211,918.0,424.0,1,0
game8/Clip9,212,924.0,418.0,1,0
game8/Clip9,213,928.0,410.0,1,0
game8/Clip9,214,934.0,406.0,1,0
game8/Clip9,215,940.0,400.0,1,0
game8/Clip9,216,946.0,396.0,1,0
game8/Clip9,217,952.0,394.0,1,0
game8/Clip9,218,956.0,392.0,1,0
game8/Clip9,219,962.0,392.0,1,0
game8/Clip9,220,558.0,242.0,1,0
game8/Clip9,221,558.0,242.0,1,0
game8/Clip9,222,982.0,396.0,1,0
game8/Clip9,223,988.0,400.0,1,0
game8/Clip9,224,992.0,404.0,1,0
game8/Clip9,225,998.0,410.0,1,0
game8/Clip9,226,1004.0,416.0,1,0
game8/Clip9,227,1008.0,424.0,1,0
game8/Clip9,228,1014.0,434.0,1,0
game8/Clip9,229,1020.0,442.0,1,0
game8/Clip9,230,1024.0,454.0,1,0
game8/Clip9,231,1030.0,466.0,1,0
game8/Clip9,232,1036.0,478.0,1,0
game8/Clip9,233,1042.0,488.0,1,2
game8/Clip9,234,1046.0,480.0,1,0
game8/Clip9,235,1050.0,472.0,1,0
game8/Clip9,236,1056.0,468.0,1,0
game8/Clip9,237,1060.0,462.0,1,0
