clip,frame,player_id,player_label,foot_x,foot_y,bbox_x1,bbox_y1,bbox_x2,bbox_y2,confidence
game1/Clip1,0,1,player_bottom,566.2610473632812,548.841552734375,529.3582153320312,391.98736572265625,603.1638793945312,548.841552734375,0.8814870715141296
game1/Clip1,0,2,player_top,783.6895751953125,157.89404296875,760.873046875,102.65670776367188,806.5061645507812,157.89404296875,0.8184882402420044
game1/Clip1,1,1,player_bottom,565.5859375,548.7368774414062,528.7271728515625,391.97576904296875,602.4447631835938,548.7368774414062,0.8684747219085693
game1/Clip1,1,2,player_top,783.696533203125,157.94964599609375,760.47705078125,101.71482849121094,806.9159545898438,157.94964599609375,0.8190363645553589
game1/Clip1,2,1,player_bottom,563.73974609375,547.9071044921875,526.3269653320312,388.30059814453125,601.152587890625,547.9071044921875,0.8580750823020935
game1/Clip1,2,2,player_top,783.7183837890625,158.02334594726562,759.9888305664062,100.47845458984375,807.4478759765625,158.02334594726562,0.8252842426300049
game1/Clip1,3,1,player_bottom,562.208984375,547.3092651367188,523.7174072265625,382.0292053222656,600.7005615234375,547.3092651367188,0.8390005826950073
game1/Clip1,3,2,player_top,783.6717529296875,158.1083221435547,759.4915771484375,99.33487701416016,807.8519897460938,158.1083221435547,0.832911491394043
game1/Clip1,4,1,player_bottom,560.74169921875,547.7846069335938,520.5161743164062,373.1409606933594,600.96728515625,547.7846069335938,0.8108446598052979
game1/Clip1,4,2,player_top,783.5198974609375,158.08544921875,758.9407958984375,98.14231872558594,808.0989990234375,158.08544921875,0.8446201682090759
game1/Clip1,5,1,player_bottom,559.800048828125,548.2528076171875,518.1690673828125,364.82183837890625,601.4309692382812,548.2528076171875,0.8294298648834229
game1/Clip1,5,2,player_top,783.4033203125,158.10641479492188,758.757080078125,97.7754898071289,808.049560546875,158.10641479492188,0.8463515043258667
game1/Clip1,6,1,player_bottom,559.6783447265625,548.5540161132812,517.5850219726562,360.08526611328125,601.771728515625,548.5540161132812,0.837846577167511
game1/Clip1,6,2,player_top,783.2640380859375,158.150634765625,758.4035034179688,96.98779296875,808.1245727539062,158.150634765625,0.855846643447876
game1/Clip1,7,1,player_bottom,560.2332763671875,548.5724487304688,518.066650390625,356.63897705078125,602.3998413085938,548.5724487304688,0.8551596403121948
game1/Clip1,7,2,player_top,783.2158203125,158.1488800048828,758.2614135742188,96.40303802490234,808.1702880859375,158.1488800048828,0.8538568019866943
game1/Clip1,8,1,player_bottom,561.8701782226562,548.4844360351562,519.7806396484375,354.27459716796875,603.959716796875,548.4844360351562,0.8396509289741516
game1/Clip1,8,2,player_top,783.170654296875,158.17311096191406,758.2266845703125,96.09491729736328,808.1146850585938,158.17311096191406,0.8463254570960999
game1/Clip1,9,1,player_bottom,564.5736083984375,548.502197265625,522.4829711914062,352.5059509277344,606.664306640625,548.502197265625,0.8278101086616516
game1/Clip1,9,2,player_top,783.1154174804688,158.20785522460938,758.1178588867188,95.59542846679688,808.1129760742188,158.20785522460938,0.85104900598526
game1/Clip1,10,1,player_bottom,563.4304809570312,548.1079711914062,522.0823364257812,352.5180969238281,604.7786254882812,548.1079711914062,0.807774007320404
game1/Clip1,10,2,player_top,783.0601806640625,158.23524475097656,757.994384765625,94.9822006225586,808.1260375976562,158.23524475097656,0.8467730283737183
game1/Clip1,11,1,player_bottom,563.5316162109375,548.0901489257812,522.9129638671875,353.1534423828125,604.1502075195312,548.0901489257812,0.8488705158233643
game1/Clip1,11,2,player_top,783.00146484375,158.28421020507812,757.6350708007812,93.721923828125,808.3678588867188,158.28421020507812,0.8544060587882996
game1/Clip1,12,1,player_bottom,564.94482421875,548.0913696289062,525.027587890625,354.5726013183594,604.8619995117188,548.0913696289062,0.8430359959602356
game1/Clip1,12,2,player_top,782.9368896484375,158.13897705078125,757.3330688476562,92.24623107910156,808.540771484375,158.13897705078125,0.8659242391586304
game1/Clip1,13,1,player_bottom,567.1185913085938,548.651123046875,527.975341796875,357.6405334472656,606.2618408203125,548.651123046875,0.8564218878746033
game1/Clip1,13,2,player_top,782.8256225585938,157.66661071777344,757.1132202148438,90.70121002197266,808.5380249023438,157.66661071777344,0.8928460478782654
game1/Clip1,14,1,player_bottom,568.7398681640625,549.0210571289062,530.03564453125,359.7549743652344,607.4440307617188,549.0210571289062,0.8464489579200745
game1/Clip1,14,2,player_top,782.7940673828125,157.24209594726562,757.18408203125,89.72512817382812,808.4041137695312,157.24209594726562,0.8913570046424866
game1/Clip1,15,1,player_bottom,570.4654541015625,548.359375,532.4104614257812,362.09130859375,608.5204467773438,548.359375,0.8584675192832947
game1/Clip1,15,2,player_top,782.4697265625,157.13583374023438,756.929443359375,88.86724090576172,808.0100708007812,157.13583374023438,0.8970410227775574
game1/Clip1,16,1,player_bottom,571.8699951171875,547.6993408203125,534.2462768554688,363.4872741699219,609.4937744140625,547.6993408203125,0.8788549304008484
game1/Clip1,16,2,player_top,782.125732421875,156.9454345703125,756.7434692382812,88.07959747314453,807.508056640625,156.9454345703125,0.8985247015953064
game1/Clip1,17,1,player_bottom,573.0077514648438,546.6515502929688,535.6515502929688,363.2434997558594,610.3639526367188,546.6515502929688,0.8930492401123047
game1/Clip1,17,2,player_top,781.6065673828125,156.86502075195312,756.5601806640625,87.82308959960938,806.6529541015625,156.86502075195312,0.8980205059051514
game1/Clip1,18,1,player_bottom,575.105712890625,545.906494140625,537.9697875976562,361.98529052734375,612.2415771484375,545.906494140625,0.8685623407363892
game1/Clip1,18,2,player_top,781.3787841796875,156.80467224121094,756.7757568359375,88.0053939819336,805.9817504882812,156.80467224121094,0.9007434248924255
game1/Clip1,19,1,player_bottom,575.4559936523438,545.0741577148438,539.0996704101562,363.64923095703125,611.8123168945312,545.0741577148438,0.831709623336792
game1/Clip1,19,2,player_top,781.2078857421875,156.8298797607422,757.0098876953125,88.31613159179688,805.4058227539062,156.8298797607422,0.893247127532959
game1/Clip1,20,1,player_bottom,574.3978271484375,545.1751708984375,538.1034545898438,362.915283203125,610.6922607421875,545.1751708984375,0.7854614853858948
game1/Clip1,20,2,player_top,781.1395874023438,156.87966918945312,757.2566528320312,88.49946594238281,805.0225219726562,156.87966918945312,0.8965390920639038
game1/Clip1,21,1,player_bottom,574.51025390625,541.3291015625,539.7091064453125,366.7193908691406,609.3114013671875,541.3291015625,0.815602719783783
game1/Clip1,21,2,player_top,781.03076171875,156.92237854003906,757.3821411132812,88.45848846435547,804.679443359375,156.92237854003906,0.9001240730285645
game1/Clip1,22,1,player_bottom,577.0966796875,536.5411987304688,545.2965087890625,378.4897155761719,608.8967895507812,536.5411987304688,0.8566328287124634
game1/Clip1,22,2,player_top,780.737060546875,156.9831085205078,757.1189575195312,87.87428283691406,804.3551025390625,156.9831085205078,0.9007126688957214
game1/Clip1,23,1,player_bottom,577.6370849609375,527.1724243164062,547.1077880859375,378.64111328125,608.1663818359375,527.1724243164062,0.8680939674377441
game1/Clip1,23,2,player_top,780.394775390625,156.8755645751953,756.7598266601562,87.04645538330078,804.0296630859375,156.8755645751953,0.8881526589393616
game1/Clip1,24,1,player_bottom,586.1505737304688,522.625244140625,553.753173828125,365.4514465332031,618.5479736328125,522.625244140625,0.8033586740493774
game1/Clip1,24,2,player_top,779.73681640625,156.64736938476562,756.1870727539062,86.50790405273438,803.2864990234375,156.64736938476562,0.8734957575798035
game1/Clip1,25,1,player_bottom,591.0548706054688,518.2256469726562,557.2217407226562,353.77099609375,624.8880004882812,518.2256469726562,0.8217536211013794
game1/Clip1,25,2,player_top,778.26123046875,156.4522705078125,754.6439208984375,85.45246124267578,801.8785400390625,156.4522705078125,0.8804664611816406
game1/Clip1,26,1,player_bottom,594.5166015625,515.881591796875,559.2681884765625,344.1700744628906,629.7650756835938,515.881591796875,0.8635029196739197
game1/Clip1,26,2,player_top,776.1304931640625,156.3317413330078,752.7272338867188,85.69075775146484,799.53369140625,156.3317413330078,0.8674414157867432
game1/Clip1,27,1,player_bottom,596.3638305664062,514.7313842773438,562.103515625,348.8134765625,630.6241455078125,514.7313842773438,0.8618722558021545
game1/Clip1,27,2,player_top,772.2556762695312,157.3259735107422,748.6747436523438,86.49609375,795.8366088867188,157.3259735107422,0.8583943247795105
game1/Clip1,28,1,player_bottom,596.5418701171875,514.4945068359375,565.132080078125,365.0231018066406,627.95166015625,514.4945068359375,0.8994556069374084
game1/Clip1,28,2,player_top,768.941650390625,158.54722595214844,745.1112670898438,87.67559051513672,792.7720336914062,158.54722595214844,0.8545294404029846
game1/Clip1,29,1,player_bottom,596.751220703125,514.2916870117188,566.81396484375,374.8857116699219,626.6885375976562,514.2916870117188,0.893889844417572
game1/Clip1,29,2,player_top,766.387451171875,160.01686096191406,742.25341796875,89.1632080078125,790.5214233398438,160.01686096191406,0.8573311567306519
game1/Clip1,30,1,player_bottom,597.8760986328125,517.9331665039062,568.4979858398438,383.9166259765625,627.254150390625,517.9331665039062,0.8909435868263245
game1/Clip1,30,2,player_top,764.5560302734375,160.87728881835938,740.9033203125,93.00037384033203,788.2088012695312,160.87728881835938,0.8331401944160461
game1/Clip1,31,1,player_bottom,598.15478515625,519.7371215820312,569.0617065429688,390.193115234375,627.2478637695312,519.7371215820312,0.8875793218612671
game1/Clip1,31,2,player_top,764.0167236328125,161.1243438720703,740.7249145507812,95.88915252685547,787.30859375,161.1243438720703,0.8074420690536499
game1/Clip1,32,1,player_bottom,598.6719360351562,520.4061889648438,569.3952026367188,393.5184326171875,627.9486694335938,520.4061889648438,0.8812513947486877
game1/Clip1,32,2,player_top,764.0457763671875,161.47743225097656,740.6077880859375,97.33727264404297,787.4837646484375,161.47743225097656,0.7488839030265808
game1/Clip1,33,1,player_bottom,599.7152709960938,520.6635131835938,569.8984375,395.11383056640625,629.5321044921875,520.6635131835938,0.8830581307411194
game1/Clip1,33,2,player_top,764.225830078125,161.6953887939453,740.5023193359375,98.18114471435547,787.9494018554688,161.6953887939453,0.7282384634017944
game1/Clip1,34,1,player_bottom,601.239013671875,520.4957885742188,570.7254028320312,394.9093322753906,631.752685546875,520.4957885742188,0.8788679242134094
game1/Clip1,34,2,player_top,764.4148559570312,161.84959411621094,740.3131103515625,98.57929992675781,788.5166015625,161.84959411621094,0.7963224649429321
game1/Clip1,35,1,player_bottom,601.58642578125,519.0685424804688,570.5717163085938,393.17572021484375,632.60107421875,519.0685424804688,0.885820746421814
game1/Clip1,35,2,player_top,764.772705078125,161.90672302246094,740.0822143554688,98.13326263427734,789.4631958007812,161.90672302246094,0.8275126814842224
game1/Clip1,36,1,player_bottom,601.84814453125,516.9639892578125,570.5885009765625,391.02880859375,633.1077270507812,516.9639892578125,0.8810562491416931
game1/Clip1,36,2,player_top,765.4760131835938,161.92030334472656,740.0245971679688,97.005615234375,790.9274291992188,161.92030334472656,0.8156468272209167
game1/Clip1,37,1,player_bottom,600.728759765625,512.9193115234375,569.727783203125,388.8183898925781,631.7297973632812,512.9193115234375,0.8567939400672913
game1/Clip1,37,2,player_top,767.3690185546875,162.1969757080078,741.05224609375,95.6509780883789,793.6857299804688,162.1969757080078,0.8141857385635376
game1/Clip1,38,1,player_bottom,598.8368530273438,512.1951293945312,567.093994140625,385.91265869140625,630.5797119140625,512.1951293945312,0.8805616497993469
game1/Clip1,38,2,player_top,771.1605224609375,162.1414031982422,744.6068725585938,95.36351013183594,797.714111328125,162.1414031982422,0.8286119699478149
game1/Clip1,39,1,player_bottom,600.996826171875,511.9080505371094,568.7839965820312,384.55706787109375,633.209716796875,511.9080505371094,0.8792148232460022
game1/Clip1,39,2,player_top,774.3412475585938,162.23760986328125,748.030029296875,96.3315200805664,800.6524658203125,162.23760986328125,0.7934315800666809
game1/Clip1,40,1,player_bottom,597.872314453125,511.83892822265625,564.6663818359375,383.4642639160156,631.0783081054688,511.83892822265625,0.8901169300079346
game1/Clip1,40,2,player_top,775.8588256835938,162.5936279296875,749.8574829101562,96.27513885498047,801.8601684570312,162.5936279296875,0.7494738698005676
game1/Clip1,41,1,player_bottom,594.754150390625,512.3495483398438,560.2744140625,382.6091613769531,629.2338256835938,512.3495483398438,0.9004458785057068
game1/Clip1,41,2,player_top,777.4053344726562,162.2513885498047,752.1849365234375,95.7915267944336,802.625732421875,162.2513885498047,0.7958292961120605
game1/Clip1,42,1,player_bottom,592.3363647460938,514.1201782226562,556.0818481445312,380.7977600097656,628.5908813476562,514.1201782226562,0.9058225750923157
game1/Clip1,42,2,player_top,780.523681640625,162.78125,756.1795654296875,95.9369125366211,804.8677978515625,162.78125,0.7239944934844971
game1/Clip1,43,1,player_bottom,590.5347900390625,514.8326416015625,552.7086791992188,378.06451416015625,628.3609619140625,514.8326416015625,0.9095980525016785
game1/Clip1,43,2,player_top,781.925048828125,162.89764404296875,758.3858642578125,95.34430694580078,805.4642944335938,162.89764404296875,0.7338913083076477
game1/Clip1,44,1,player_bottom,587.4561767578125,515.0388793945312,548.8082885742188,376.54632568359375,626.1041259765625,515.0388793945312,0.9034966826438904
game1/Clip1,44,2,player_top,782.456298828125,162.5965118408203,759.7531127929688,94.5320816040039,805.1595458984375,162.5965118408203,0.750182569026947
game1/Clip1,45,1,player_bottom,584.0294189453125,515.060546875,545.0252685546875,375.87493896484375,623.0335083007812,515.060546875,0.894374430179596
game1/Clip1,45,2,player_top,782.986083984375,163.18873596191406,760.7780151367188,94.72698211669922,805.194091796875,163.18873596191406,0.7067835330963135
game1/Clip1,46,1,player_bottom,577.6954345703125,515.0817260742188,538.6213989257812,376.0280456542969,616.76953125,515.0817260742188,0.9118446707725525
game1/Clip1,46,2,player_top,784.2368774414062,163.87887573242188,763.027587890625,96.61483001708984,805.4461669921875,163.87887573242188,0.6170759797096252
game1/Clip1,47,1,player_bottom,571.4156494140625,515.6378784179688,532.3267211914062,378.0697021484375,610.5045166015625,515.6378784179688,0.919005811214447
game1/Clip1,47,2,player_top,784.0302734375,164.17819213867188,763.4583129882812,97.38221740722656,804.6021728515625,164.17819213867188,0.670100212097168
game1/Clip1,48,1,player_bottom,566.127197265625,516.9526977539062,526.6165771484375,380.8686218261719,605.6378173828125,516.9526977539062,0.9179742932319641
game1/Clip1,48,2,player_top,784.04248046875,164.27520751953125,763.8364868164062,97.06219482421875,804.2484741210938,164.27520751953125,0.6776305437088013
game1/Clip1,49,1,player_bottom,562.398193359375,517.4376831054688,522.3616943359375,383.21282958984375,602.4346313476562,517.4376831054688,0.9173365831375122
game1/Clip1,49,2,player_top,782.717041015625,163.77696228027344,762.5541381835938,95.73188781738281,802.8798828125,163.77696228027344,0.7447198033332825
game1/Clip1,50,1,player_bottom,559.3309326171875,517.7957763671875,518.6228637695312,385.48480224609375,600.0390014648438,517.7957763671875,0.9181421995162964
game1/Clip1,50,2,player_top,781.220947265625,163.3936004638672,760.9932861328125,94.5651626586914,801.4486083984375,163.3936004638672,0.7447088360786438
game1/Clip1,51,1,player_bottom,557.8975830078125,517.9414672851562,516.385009765625,387.0526123046875,599.4100952148438,517.9414672851562,0.9167395830154419
game1/Clip1,51,2,player_top,779.7181396484375,163.32980346679688,759.2439575195312,93.2548828125,800.1923828125,163.32980346679688,0.7366675734519958
game1/Clip1,52,1,player_bottom,556.4466552734375,517.8715209960938,514.1162109375,387.8124694824219,598.7770385742188,517.8715209960938,0.9147887229919434
game1/Clip1,52,2,player_top,778.33154296875,163.14337158203125,757.49072265625,91.43732452392578,799.1723022460938,163.14337158203125,0.7770717740058899
game1/Clip1,53,1,player_bottom,554.0335693359375,517.8568115234375,511.10748291015625,388.2478332519531,596.9596557617188,517.8568115234375,0.8964420557022095
game1/Clip1,53,2,player_top,775.597412109375,163.3694610595703,754.65576171875,90.54015350341797,796.5390014648438,163.3694610595703,0.7921946048736572
game1/Clip1,54,1,player_bottom,548.7691650390625,517.5077514648438,505.6440734863281,387.7102355957031,591.894287109375,517.5077514648438,0.8786822557449341
game1/Clip1,54,2,player_top,772.24560546875,163.18585205078125,751.7488403320312,90.6846923828125,792.7423095703125,163.18585205078125,0.787703275680542
game1/Clip1,55,1,player_bottom,539.4461669921875,516.8229370117188,496.9835510253906,387.0669250488281,581.9087524414062,516.8229370117188,0.8684191703796387
game1/Clip1,55,2,player_top,770.5281372070312,163.14105224609375,750.5325317382812,91.60700988769531,790.5237426757812,163.14105224609375,0.7845171689987183
game1/Clip1,56,1,player_bottom,528.0597534179688,515.9120483398438,487.1934509277344,387.2967529296875,568.9260864257812,515.9120483398438,0.8746845722198486
game1/Clip1,56,2,player_top,769.13037109375,162.5173797607422,749.3882446289062,91.6655502319336,788.8724975585938,162.5173797607422,0.8394185900688171
game1/Clip1,57,1,player_bottom,514.8829345703125,516.3870239257812,475.6531066894531,387.317138671875,554.11279296875,516.3870239257812,0.8601958155632019
game1/Clip1,57,2,player_top,768.490966796875,162.1787109375,748.7566528320312,91.37394714355469,788.225341796875,162.1787109375,0.8233569860458374
game1/Clip1,58,1,player_bottom,505.9704895019531,520.0296630859375,467.30987548828125,387.1459655761719,544.631103515625,520.0296630859375,0.8693098425865173
game1/Clip1,58,2,player_top,766.624755859375,162.0369110107422,746.8256225585938,91.71442413330078,786.423828125,162.0369110107422,0.8399530053138733
game1/Clip1,59,1,player_bottom,496.51214599609375,523.4351806640625,458.7528381347656,389.4499816894531,534.2714233398438,523.4351806640625,0.8790125250816345
game1/Clip1,59,2,player_top,763.81787109375,161.71627807617188,743.6964721679688,90.9541244506836,783.939208984375,161.71627807617188,0.8546781539916992
game1/Clip1,60,1,player_bottom,486.78363037109375,525.5887451171875,449.3711242675781,390.06829833984375,524.1961669921875,525.5887451171875,0.8843177556991577
game1/Clip1,60,2,player_top,759.7555541992188,161.57872009277344,739.7255859375,91.71513366699219,779.7855224609375,161.57872009277344,0.8321288228034973
game1/Clip1,61,1,player_bottom,478.8505859375,527.0254516601562,441.89703369140625,391.1201477050781,515.8041381835938,527.0254516601562,0.875313937664032
game1/Clip1,61,2,player_top,754.4024047851562,161.20664978027344,734.201171875,90.63658905029297,774.6036376953125,161.20664978027344,0.8212816119194031
game1/Clip1,62,1,player_bottom,470.26446533203125,535.748046875,432.4246826171875,394.9743957519531,508.104248046875,535.748046875,0.9007575511932373
game1/Clip1,62,2,player_top,747.623291015625,160.3195037841797,727.8971557617188,90.149169921875,767.3494262695312,160.3195037841797,0.7961422801017761
game1/Clip1,63,1,player_bottom,464.0746765136719,541.1240234375,425.7074890136719,397.9166564941406,502.4418640136719,541.1240234375,0.9097626805305481
game1/Clip1,63,2,player_top,742.0301513671875,160.41204833984375,722.8622436523438,90.49653625488281,761.1980590820312,160.41204833984375,0.7622203230857849
game1/Clip1,64,1,player_bottom,459.55303955078125,543.4793701171875,420.7084045410156,398.7959289550781,498.397705078125,543.4793701171875,0.8957977294921875
game1/Clip1,64,2,player_top,738.4466552734375,159.77745056152344,719.5844116210938,89.62735748291016,757.3089599609375,159.77745056152344,0.7924959063529968
game1/Clip1,65,1,player_bottom,454.63397216796875,545.13818359375,415.36474609375,398.9049987792969,493.9031982421875,545.13818359375,0.8933790922164917
game1/Clip1,65,2,player_top,734.0975341796875,159.620361328125,715.4300537109375,88.62490844726562,752.7650756835938,159.620361328125,0.7734755873680115
game1/Clip1,66,1,player_bottom,448.62908935546875,545.7605590820312,409.62066650390625,400.25885009765625,487.6374816894531,545.7605590820312,0.8965563774108887
game1/Clip1,66,2,player_top,729.3396606445312,158.8550262451172,711.2853393554688,88.21138000488281,747.3939819335938,158.8550262451172,0.7973746657371521
game1/Clip1,67,1,player_bottom,442.58624267578125,545.8862915039062,404.0740661621094,400.8160705566406,481.098388671875,545.8862915039062,0.8991069197654724
game1/Clip1,67,2,player_top,724.8081665039062,158.49151611328125,707.5498657226562,88.94347381591797,742.0664672851562,158.49151611328125,0.7982605695724487
game1/Clip1,68,1,player_bottom,436.63714599609375,546.01513671875,398.59466552734375,400.72833251953125,474.67962646484375,546.01513671875,0.8964881300926208
game1/Clip1,68,2,player_top,720.60595703125,158.09742736816406,703.7850952148438,88.50833129882812,737.4268798828125,158.09742736816406,0.7375462651252747
game1/Clip1,69,1,player_bottom,431.28265380859375,546.1141357421875,393.8255920410156,400.61785888671875,468.73968505859375,546.1141357421875,0.8704262971878052
game1/Clip1,69,2,player_top,716.2432250976562,157.83177185058594,699.7183227539062,88.78337860107422,732.7681274414062,157.83177185058594,0.7760964632034302
game1/Clip1,70,1,player_bottom,427.25787353515625,545.5557861328125,390.51983642578125,400.69091796875,463.9959411621094,545.5557861328125,0.8659210205078125
game1/Clip1,70,2,player_top,710.719970703125,158.40402221679688,693.7806396484375,88.66747283935547,727.6593017578125,158.40402221679688,0.7947276830673218
game1/Clip1,71,1,player_bottom,423.7159423828125,545.0797729492188,387.8205871582031,401.2129211425781,459.611328125,545.0797729492188,0.8588663935661316
game1/Clip1,71,2,player_top,705.4274291992188,158.04769897460938,687.4889526367188,86.9438247680664,723.3659057617188,158.04769897460938,0.8111624121665955
game1/Clip1,72,1,player_bottom,419.76068115234375,545.8834838867188,384.3154296875,401.6212158203125,455.2059631347656,545.8834838867188,0.8469135165214539
game1/Clip1,72,2,player_top,701.0704345703125,157.4233856201172,682.7618408203125,89.09371185302734,719.3789672851562,157.4233856201172,0.823171079158783
game1/Clip1,73,1,player_bottom,415.5230712890625,545.63623046875,380.5779724121094,402.0890808105469,450.4681396484375,545.63623046875,0.8548803329467773
game1/Clip1,73,2,player_top,698.3160400390625,157.18724060058594,679.6943969726562,91.8032455444336,716.9376831054688,157.18724060058594,0.8358641266822815
game1/Clip1,74,1,player_bottom,409.53826904296875,545.912109375,374.6977844238281,402.5814514160156,444.37872314453125,545.912109375,0.857676088809967
game1/Clip1,74,2,player_top,697.0420532226562,157.28244018554688,677.8858642578125,93.41374969482422,716.1982421875,157.28244018554688,0.8374468684196472
game1/Clip1,75,1,player_bottom,405.77410888671875,545.5050659179688,371.1051940917969,403.79522705078125,440.4430236816406,545.5050659179688,0.8740251064300537
game1/Clip1,75,2,player_top,696.6488647460938,157.27415466308594,676.6309814453125,93.2856216430664,716.666748046875,157.27415466308594,0.8288958072662354
game1/Clip1,76,1,player_bottom,402.3226318359375,545.6957397460938,367.2852783203125,404.3713073730469,437.3599853515625,545.6957397460938,0.8955822587013245
game1/Clip1,76,2,player_top,695.8436279296875,157.3899688720703,674.8930053710938,92.23954010009766,716.7943115234375,157.3899688720703,0.8283944725990295
game1/Clip1,77,1,player_bottom,399.2994384765625,545.8241577148438,364.025634765625,405.1308288574219,434.5732116699219,545.8241577148438,0.8885318636894226
game1/Clip1,77,2,player_top,694.8704833984375,157.26876831054688,673.1943359375,91.10547637939453,716.5466918945312,157.26876831054688,0.8492358326911926
game1/Clip1,78,1,player_bottom,396.246337890625,545.6666259765625,360.95928955078125,405.5368347167969,431.5333557128906,545.6666259765625,0.8620901703834534
game1/Clip1,78,2,player_top,693.4534301757812,156.92300415039062,670.9974975585938,88.67264556884766,715.9093627929688,156.92300415039062,0.8676338195800781
game1/Clip1,79,1,player_bottom,394.45318603515625,545.167724609375,359.39813232421875,406.0294189453125,429.5082702636719,545.167724609375,0.8649134039878845
game1/Clip1,79,2,player_top,692.5090942382812,156.4354705810547,669.3400268554688,85.80908966064453,715.6781616210938,156.4354705810547,0.8291086554527283
game1/Clip1,80,1,player_bottom,390.6932678222656,543.7488403320312,356.2117614746094,406.5564880371094,425.1747741699219,543.7488403320312,0.8308143615722656
game1/Clip1,80,2,player_top,691.53515625,155.70785522460938,667.5136108398438,81.73065185546875,715.5567016601562,155.70785522460938,0.8188161849975586
game1/Clip1,81,1,player_bottom,387.87982177734375,543.98095703125,353.3397521972656,407.0957336425781,422.41986083984375,543.98095703125,0.8642697930335999
game1/Clip1,81,2,player_top,691.2410888671875,155.29486083984375,667.0887451171875,80.60557556152344,715.3933715820312,155.29486083984375,0.7950458526611328
game1/Clip1,82,1,player_bottom,387.29779052734375,543.9212646484375,352.8421936035156,407.67791748046875,421.75341796875,543.9212646484375,0.8643319010734558
game1/Clip1,82,2,player_top,690.8211059570312,154.1381072998047,666.7134399414062,79.28700256347656,714.9287719726562,154.1381072998047,0.795953631401062
game1/Clip1,83,1,player_bottom,386.0818176269531,543.404052734375,351.7435607910156,408.0864562988281,420.4200744628906,543.404052734375,0.8595559000968933
game1/Clip1,83,2,player_top,690.0030517578125,153.91427612304688,665.8766479492188,79.4003677368164,714.12939453125,153.91427612304688,0.8020156621932983
game1/Clip1,84,1,player_bottom,384.05902099609375,543.9085693359375,349.0330810546875,405.5272216796875,419.0849914550781,543.9085693359375,0.864837646484375
game1/Clip1,84,2,player_top,688.90576171875,153.7406463623047,664.8109130859375,79.70010375976562,713.0005493164062,153.7406463623047,0.791591227054596
game1/Clip1,85,1,player_bottom,380.3983154296875,542.8911743164062,345.236572265625,402.66497802734375,415.5600891113281,542.8911743164062,0.812404215335846
game1/Clip1,85,2,player_top,688.2376708984375,154.4721221923828,664.45703125,82.14795684814453,712.0183715820312,154.4721221923828,0.8060365915298462
game1/Clip1,86,1,player_bottom,376.21087646484375,534.0027465820312,343.25048828125,401.1092224121094,409.1712646484375,534.0027465820312,0.8294058442115784
game1/Clip1,86,2,player_top,687.54345703125,155.08737182617188,664.3045043945312,85.38956451416016,710.7823486328125,155.08737182617188,0.8332082033157349
game1/Clip1,87,1,player_bottom,374.18292236328125,529.9173583984375,342.5146789550781,400.8691711425781,405.8511962890625,529.9173583984375,0.8467810153961182
game1/Clip1,87,2,player_top,686.4501953125,155.6174774169922,663.760498046875,88.77884674072266,709.139892578125,155.6174774169922,0.8210468888282776
game1/Clip1,88,1,player_bottom,372.623779296875,539.0067138671875,339.1183776855469,399.65228271484375,406.1291809082031,539.0067138671875,0.8403934836387634
game1/Clip1,88,2,player_top,685.968505859375,156.10061645507812,663.59716796875,91.35923767089844,708.3397827148438,156.10061645507812,0.8190967440605164
game1/Clip1,89,1,player_bottom,370.97491455078125,537.8280029296875,338.20916748046875,398.653564453125,403.7406311035156,537.8280029296875,0.8278660178184509
game1/Clip1,89,2,player_top,685.9940185546875,155.9408416748047,663.6685180664062,92.27885437011719,708.3194580078125,155.9408416748047,0.8203940391540527
game1/Clip1,90,1,player_bottom,369.5859375,542.2295532226562,336.28387451171875,397.72747802734375,402.8880310058594,542.2295532226562,0.8462981581687927
game1/Clip1,90,2,player_top,686.0794067382812,156.1980438232422,663.6336669921875,93.0850830078125,708.525146484375,156.1980438232422,0.8179446458816528
game1/Clip1,91,1,player_bottom,364.77960205078125,545.8854370117188,331.28546142578125,399.50909423828125,398.2737731933594,545.8854370117188,0.8665809035301208
game1/Clip1,91,2,player_top,686.7550048828125,155.72256469726562,664.3709106445312,93.67311096191406,709.13916015625,155.72256469726562,0.8214801549911499
game1/Clip1,92,1,player_bottom,361.29583740234375,549.13427734375,327.5977783203125,402.4114685058594,394.993896484375,549.13427734375,0.8637699484825134
game1/Clip1,92,2,player_top,689.8798217773438,155.2926788330078,667.3383178710938,93.18525695800781,712.4213256835938,155.2926788330078,0.7932369709014893
game1/Clip1,93,1,player_bottom,359.0413818359375,551.877197265625,325.2781982421875,406.31591796875,392.8045654296875,551.877197265625,0.8649486899375916
game1/Clip1,93,2,player_top,694.0535888671875,154.77346801757812,672.0746459960938,93.84510040283203,716.032470703125,154.77346801757812,0.7920434474945068
game1/Clip1,94,1,player_bottom,359.4849548339844,554.034423828125,325.3358459472656,407.68524169921875,393.6340637207031,554.034423828125,0.8782097101211548
game1/Clip1,94,2,player_top,701.3925170898438,154.99342346191406,679.5147705078125,94.1871337890625,723.270263671875,154.99342346191406,0.7829831838607788
game1/Clip1,95,1,player_bottom,360.1031494140625,555.273193359375,325.6150207519531,409.5519714355469,394.5912780761719,555.273193359375,0.8647849559783936
game1/Clip1,95,2,player_top,705.5459594726562,155.2731170654297,684.0121459960938,94.54525756835938,727.0797729492188,155.2731170654297,0.7959033250808716
game1/Clip1,96,1,player_bottom,360.93731689453125,556.1620483398438,325.62811279296875,408.675048828125,396.2464904785156,556.1620483398438,0.8695836067199707
game1/Clip1,96,2,player_top,708.445068359375,154.83807373046875,687.2378540039062,94.80674743652344,729.6522216796875,154.83807373046875,0.7979799509048462
game1/Clip1,97,1,player_bottom,361.9397277832031,556.22119140625,325.8245544433594,407.18377685546875,398.0549011230469,556.22119140625,0.8790680766105652
game1/Clip1,97,2,player_top,712.053466796875,155.21636962890625,690.4727172851562,95.09429931640625,733.6342163085938,155.21636962890625,0.8006361126899719
game1/Clip1,98,1,player_bottom,363.75067138671875,555.89013671875,327.2726745605469,407.423828125,400.2286376953125,555.89013671875,0.8927246928215027
game1/Clip1,98,2,player_top,716.480224609375,154.77024841308594,694.4085083007812,95.4382553100586,738.5519409179688,154.77024841308594,0.7871230244636536
game1/Clip1,99,1,player_bottom,366.7027587890625,556.154541015625,329.2642517089844,405.5631103515625,404.1412353515625,556.154541015625,0.890238344669342
game1/Clip1,99,2,player_top,720.7359619140625,154.3109588623047,697.75537109375,94.97452545166016,743.7166137695312,154.3109588623047,0.7382453680038452
game1/Clip1,100,1,player_bottom,372.0234680175781,556.716064453125,333.9607849121094,404.3441162109375,410.0861511230469,556.716064453125,0.8946718573570251
game1/Clip1,100,2,player_top,724.5819091796875,155.55377197265625,700.3465576171875,95.0058364868164,748.8172607421875,155.55377197265625,0.7386439442634583
game1/Clip1,101,1,player_bottom,378.84124755859375,557.2796630859375,340.64068603515625,403.28106689453125,417.04180908203125,557.2796630859375,0.9079145193099976
game1/Clip1,101,2,player_top,728.5606689453125,155.42889404296875,703.7799682617188,94.56161499023438,753.34130859375,155.42889404296875,0.812814474105835
game1/Clip1,102,1,player_bottom,387.29339599609375,556.7819213867188,349.91961669921875,403.1547546386719,424.66717529296875,556.7819213867188,0.8953322768211365
game1/Clip1,102,2,player_top,732.689208984375,154.3371124267578,708.26513671875,94.54901885986328,757.1132202148438,154.3371124267578,0.794991135597229
game1/Clip1,103,1,player_bottom,394.71368408203125,557.3834838867188,358.1371765136719,402.2437744140625,431.29022216796875,557.3834838867188,0.864900529384613
game1/Clip1,103,2,player_top,739.400390625,153.96080017089844,715.2760009765625,94.08363342285156,763.5248413085938,153.96080017089844,0.7546995878219604
game1/Clip1,104,1,player_bottom,401.5635986328125,558.7130737304688,365.96868896484375,402.5718078613281,437.15850830078125,558.7130737304688,0.8570882678031921
game1/Clip1,104,2,player_top,746.751220703125,153.26234436035156,723.5559692382812,94.08734893798828,769.946533203125,153.26234436035156,0.7741002440452576
game1/Clip1,105,1,player_bottom,408.4375,562.1279907226562,373.3188781738281,403.3479919433594,443.55609130859375,562.1279907226562,0.8480052351951599
game1/Clip1,105,2,player_top,752.8491821289062,152.67410278320312,730.3827514648438,93.1405029296875,775.3156127929688,152.67410278320312,0.7381840348243713
game1/Clip1,106,1,player_bottom,417.3109130859375,565.3245239257812,382.3470764160156,406.181396484375,452.27471923828125,565.3245239257812,0.8647602200508118
game1/Clip1,106,2,player_top,757.7009887695312,153.5472412109375,734.6810302734375,90.00713348388672,780.720947265625,153.5472412109375,0.7600187659263611
game1/Clip1,107,1,player_bottom,426.552001953125,567.1458129882812,391.0196838378906,408.4535827636719,462.0843200683594,567.1458129882812,0.9049326181411743
game1/Clip1,107,2,player_top,761.7855224609375,155.2956085205078,738.197021484375,88.42303466796875,785.3740234375,155.2956085205078,0.7523159980773926
game1/Clip1,108,1,player_bottom,433.29107666015625,568.507568359375,397.0469970703125,411.47015380859375,469.53515625,568.507568359375,0.9096876382827759
game1/Clip1,108,2,player_top,766.5247802734375,157.46327209472656,741.2256469726562,84.6626968383789,791.823974609375,157.46327209472656,0.8069440722465515
game1/Clip1,109,1,player_bottom,436.38275146484375,570.1432495117188,399.1612243652344,413.3916320800781,473.60430908203125,570.1432495117188,0.9128666520118713
game1/Clip1,109,2,player_top,770.6898803710938,157.7932891845703,745.0282592773438,83.92021179199219,796.3515014648438,157.7932891845703,0.8216744661331177
game1/Clip1,110,1,player_bottom,437.822509765625,571.9393920898438,399.6982421875,415.0374755859375,475.9468078613281,571.9393920898438,0.9130645394325256
game1/Clip1,110,2,player_top,773.6947021484375,158.46644592285156,748.3373413085938,85.88009643554688,799.052001953125,158.46644592285156,0.8077489137649536
game1/Clip1,111,1,player_bottom,440.0060119628906,572.8218994140625,401.18536376953125,415.2096252441406,478.82666015625,572.8218994140625,0.9095263481140137
game1/Clip1,111,2,player_top,775.0592041015625,159.4795379638672,749.8102416992188,87.11321258544922,800.30810546875,159.4795379638672,0.8122975826263428
game1/Clip1,112,1,player_bottom,443.5447998046875,572.560302734375,404.4261169433594,414.10223388671875,482.6634521484375,572.560302734375,0.8999523520469666
game1/Clip1,112,2,player_top,776.839111328125,159.66522216796875,751.7290649414062,87.49588012695312,801.9491577148438,159.66522216796875,0.8149829506874084
game1/Clip1,113,1,player_bottom,447.4772033691406,571.0038452148438,408.54608154296875,412.0079650878906,486.4083251953125,571.0038452148438,0.9025117754936218
game1/Clip1,113,2,player_top,779.1600341796875,159.33224487304688,753.7017211914062,85.6261215209961,804.618408203125,159.33224487304688,0.8060423135757446
game1/Clip1,114,1,player_bottom,451.4699401855469,569.50927734375,412.9549865722656,411.2287292480469,489.9848937988281,569.50927734375,0.8945116996765137
game1/Clip1,114,2,player_top,782.2421264648438,159.2961883544922,756.4931030273438,84.05408477783203,807.9911499023438,159.2961883544922,0.7816202044487
game1/Clip1,115,1,player_bottom,455.7447509765625,569.4480590820312,417.2750244140625,411.07208251953125,494.2144470214844,569.4480590820312,0.8962221741676331
game1/Clip1,115,2,player_top,783.8612060546875,159.09210205078125,757.865478515625,81.653564453125,809.8569946289062,159.09210205078125,0.7564857006072998
game1/Clip1,116,1,player_bottom,460.96478271484375,571.046875,422.2254638671875,412.6224365234375,499.7041015625,571.046875,0.8982710242271423
game1/Clip1,116,2,player_top,785.68115234375,158.814208984375,760.099609375,81.11079406738281,811.2626342773438,158.814208984375,0.5372724533081055
game1/Clip1,117,1,player_bottom,466.2213134765625,573.378173828125,426.8360290527344,414.9744873046875,505.6065673828125,573.378173828125,0.9063183665275574
game1/Clip1,117,2,player_top,787.563720703125,158.8640899658203,762.6409912109375,81.03948211669922,812.4865112304688,158.8640899658203,0.7581337094306946
game1/Clip1,118,1,player_bottom,470.0572204589844,577.3704833984375,429.9440612792969,419.5045471191406,510.1703796386719,577.3704833984375,0.9095645546913147
game1/Clip1,118,2,player_top,791.39599609375,159.60208129882812,764.6525268554688,72.4891128540039,818.1395263671875,159.60208129882812,0.6804715991020203
game1/Clip1,119,1,player_bottom,475.52178955078125,582.0418701171875,434.9529724121094,428.3837890625,516.090576171875,582.0418701171875,0.9012340307235718
game1/Clip1,119,2,player_top,796.582275390625,159.56365966796875,770.5908813476562,71.55485534667969,822.5736694335938,159.56365966796875,0.6911271214485168
game1/Clip1,120,1,player_bottom,478.8411865234375,584.5056762695312,437.5458679199219,434.3150939941406,520.136474609375,584.5056762695312,0.8996593952178955
game1/Clip1,120,2,player_top,800.78515625,160.26573181152344,776.3771362304688,74.41387939453125,825.1931762695312,160.26573181152344,0.6493359208106995
game1/Clip1,121,1,player_bottom,477.2049865722656,585.1679077148438,435.5040283203125,437.7021789550781,518.9059448242188,585.1679077148438,0.9018334150314331
game1/Clip1,121,2,player_top,802.9893798828125,160.89849853515625,779.7680053710938,77.74333953857422,826.2108154296875,160.89849853515625,0.6741231679916382
game1/Clip1,122,1,player_bottom,479.83154296875,587.665283203125,436.75921630859375,439.161376953125,522.9038696289062,587.665283203125,0.9046016335487366
game1/Clip1,122,2,player_top,808.4930419921875,161.5404815673828,786.0472412109375,81.37309265136719,830.9389038085938,161.5404815673828,0.8050808310508728
game1/Clip1,123,1,player_bottom,486.22186279296875,588.8719482421875,442.1556701660156,440.04534912109375,530.2880859375,588.8719482421875,0.8926981687545776
game1/Clip1,123,2,player_top,812.6544189453125,162.5471649169922,790.562744140625,85.44684600830078,834.7461547851562,162.5471649169922,0.8043956160545349
game1/Clip1,124,1,player_bottom,497.6756591796875,589.604736328125,452.7590026855469,441.1384582519531,542.59228515625,589.604736328125,0.8769060969352722
game1/Clip1,124,2,player_top,815.7802124023438,162.8697052001953,793.8326416015625,88.23464965820312,837.727783203125,162.8697052001953,0.8067420721054077
game1/Clip1,125,1,player_bottom,514.608154296875,589.8232421875,469.4927978515625,442.93634033203125,559.7234497070312,589.8232421875,0.8059805035591125
game1/Clip1,125,2,player_top,818.0689697265625,162.96090698242188,796.5195922851562,90.97257232666016,839.6183471679688,162.96090698242188,0.831404983997345
game1/Clip1,126,1,player_bottom,534.0814208984375,589.686279296875,489.2650146484375,445.0954284667969,578.8977661132812,589.686279296875,0.8581302165985107
game1/Clip1,126,2,player_top,820.4095458984375,162.9673309326172,799.377197265625,93.17695617675781,841.4418334960938,162.9673309326172,0.8173910975456238
game1/Clip1,127,1,player_bottom,545.3667602539062,589.2570190429688,500.3915100097656,446.89599609375,590.342041015625,589.2570190429688,0.8916054368019104
game1/Clip1,127,2,player_top,822.080810546875,163.10227966308594,801.3308715820312,94.1948013305664,842.8307495117188,163.10227966308594,0.8032795190811157
game1/Clip1,128,1,player_bottom,553.1912231445312,588.8535766601562,507.4528503417969,447.3159484863281,598.9296264648438,588.8535766601562,0.8768981695175171
game1/Clip1,128,2,player_top,823.4578857421875,162.85354614257812,803.1317138671875,95.08194732666016,843.7840576171875,162.85354614257812,0.7634822726249695
game1/Clip1,129,1,player_bottom,561.9400634765625,588.90625,515.495849609375,448.34918212890625,608.3842163085938,588.90625,0.8921342492103577
game1/Clip1,129,2,player_top,822.5370483398438,163.0670166015625,802.1184692382812,95.36426544189453,842.9556274414062,163.0670166015625,0.8211698532104492
game1/Clip1,130,1,player_bottom,572.048095703125,592.6134033203125,524.4685668945312,449.39910888671875,619.627685546875,592.6134033203125,0.891352653503418
game1/Clip1,130,2,player_top,821.4580078125,162.6483917236328,800.941162109375,95.50371551513672,841.974853515625,162.6483917236328,0.8373740315437317
game1/Clip1,131,1,player_bottom,587.6011352539062,594.0059204101562,540.64599609375,451.6726379394531,634.5562744140625,594.0059204101562,0.7943878769874573
game1/Clip1,131,2,player_top,819.705810546875,162.430908203125,798.890869140625,95.31195068359375,840.5208129882812,162.430908203125,0.8356675505638123
game1/Clip1,132,1,player_bottom,612.6781616210938,593.81396484375,567.5546264648438,454.7716979980469,657.8016967773438,593.81396484375,0.8352087736129761
game1/Clip1,132,2,player_top,816.4561767578125,162.57846069335938,795.1976318359375,94.51448059082031,837.7147827148438,162.57846069335938,0.807731032371521
game1/Clip1,133,1,player_bottom,623.4537353515625,596.4093627929688,579.6290283203125,457.47357177734375,667.2785034179688,596.4093627929688,0.8322019577026367
game1/Clip1,133,2,player_top,810.25390625,162.33657836914062,788.6967163085938,93.34208679199219,831.8110961914062,162.33657836914062,0.7564825415611267
game1/Clip1,134,1,player_bottom,642.3203735351562,602.3576049804688,596.626953125,459.85919189453125,688.0137939453125,602.3576049804688,0.8786126375198364
game1/Clip1,134,2,player_top,803.4806518554688,161.59600830078125,782.1580810546875,92.65192413330078,824.80322265625,161.59600830078125,0.7353031039237976
game1/Clip1,135,1,player_bottom,653.8023681640625,606.6393432617188,606.5072631835938,462.2106628417969,701.0974731445312,606.6393432617188,0.9199686646461487
game1/Clip1,135,2,player_top,799.44287109375,161.51560974121094,778.421630859375,92.55054473876953,820.464111328125,161.51560974121094,0.7454817295074463
game1/Clip1,136,1,player_bottom,664.8969116210938,612.85400390625,615.4464111328125,464.32952880859375,714.347412109375,612.85400390625,0.8824396133422852
game1/Clip1,136,2,player_top,796.4541015625,162.08982849121094,775.5255126953125,92.76213073730469,817.3827514648438,162.08982849121094,0.7916511297225952
game1/Clip1,137,1,player_bottom,679.1365356445312,618.5384521484375,627.51513671875,464.82171630859375,730.7579345703125,618.5384521484375,0.9207143187522888
game1/Clip1,137,2,player_top,793.9512939453125,162.38604736328125,772.7669677734375,92.31678771972656,815.1356201171875,162.38604736328125,0.8141430616378784
game1/Clip1,138,1,player_bottom,690.4345092773438,620.3742065429688,638.8179931640625,464.8925476074219,742.051025390625,620.3742065429688,0.899429440498352
game1/Clip1,138,2,player_top,791.441650390625,162.94070434570312,769.9446411132812,92.3753890991211,812.9386596679688,162.94070434570312,0.7940941452980042
game1/Clip1,139,1,player_bottom,706.1563720703125,620.2565307617188,655.5914916992188,464.77020263671875,756.7212524414062,620.2565307617188,0.8899171352386475
game1/Clip1,139,2,player_top,787.9969482421875,162.61917114257812,765.8416748046875,90.73592376708984,810.1522827148438,162.61917114257812,0.8205137848854065
game1/Clip1,140,1,player_bottom,714.29541015625,620.3861083984375,664.9207153320312,464.6310729980469,763.6701049804688,620.3861083984375,0.8781293630599976
game1/Clip1,140,2,player_top,782.0093994140625,162.3623504638672,759.8428955078125,90.26773834228516,804.1759643554688,162.3623504638672,0.804104745388031
game1/Clip1,141,1,player_bottom,722.89794921875,619.9281616210938,674.9303588867188,466.65374755859375,770.8656005859375,619.9281616210938,0.8839274048805237
game1/Clip1,141,2,player_top,776.0122680664062,161.84774780273438,754.2147827148438,90.24504852294922,797.8097534179688,161.84774780273438,0.8261812925338745
game1/Clip1,142,1,player_bottom,729.9160766601562,621.9906005859375,682.0757446289062,468.1781005859375,777.7564086914062,621.9906005859375,0.8785576224327087
game1/Clip1,142,2,player_top,769.6104736328125,162.02073669433594,748.125,89.86131286621094,791.0958862304688,162.02073669433594,0.8180486559867859
game1/Clip1,143,1,player_bottom,735.53271484375,626.674072265625,684.3997192382812,461.6964416503906,786.6657104492188,626.674072265625,0.895388662815094
game1/Clip1,143,2,player_top,762.3540649414062,161.6415557861328,741.914306640625,91.05075073242188,782.7938232421875,161.6415557861328,0.7545750141143799
game1/Clip1,144,1,player_bottom,743.450439453125,630.875244140625,689.6791381835938,459.0594177246094,797.2217407226562,630.875244140625,0.8523219227790833
game1/Clip1,144,2,player_top,756.3841552734375,160.74134826660156,737.0081176757812,91.8539810180664,775.76025390625,160.74134826660156,0.77119380235672
game1/Clip1,145,1,player_bottom,766.7161865234375,636.2990112304688,711.1863403320312,458.6370849609375,822.24609375,636.2990112304688,0.8705546259880066
game1/Clip1,145,2,player_top,751.07763671875,162.21063232421875,732.2310180664062,93.79786682128906,769.9241943359375,162.21063232421875,0.7588397264480591
game1/Clip1,146,1,player_bottom,782.7138671875,640.186767578125,727.5050659179688,463.55340576171875,837.9226684570312,640.186767578125,0.863479733467102
game1/Clip1,146,2,player_top,743.6793823242188,162.65074157714844,725.042236328125,95.96134185791016,762.3165283203125,162.65074157714844,0.8239976167678833
game1/Clip1,147,1,player_bottom,791.1658325195312,642.4972534179688,737.5344848632812,472.63690185546875,844.7971801757812,642.4972534179688,0.8911411762237549
game1/Clip1,147,2,player_top,737.0471801757812,162.9127960205078,718.0902709960938,97.74153137207031,756.0040893554688,162.9127960205078,0.8062330484390259
game1/Clip1,148,1,player_bottom,801.9155883789062,642.4279174804688,750.4766845703125,478.05328369140625,853.3544921875,642.4279174804688,0.8823935985565186
game1/Clip1,148,2,player_top,731.9020385742188,162.610107421875,712.3648071289062,99.13663482666016,751.4392700195312,162.610107421875,0.8314617872238159
game1/Clip1,149,1,player_bottom,806.5318603515625,642.3944091796875,756.4913330078125,480.4229736328125,856.5724487304688,642.3944091796875,0.873431384563446
game1/Clip1,149,2,player_top,727.4144287109375,162.58087158203125,706.8759155273438,99.8782958984375,747.9530029296875,162.58087158203125,0.8622134327888489
game1/Clip1,150,1,player_bottom,808.128173828125,641.6951904296875,759.2515869140625,481.25543212890625,857.0046997070312,641.6951904296875,0.886551022529602
game1/Clip1,150,2,player_top,723.4944458007812,163.13616943359375,702.0089111328125,101.22731018066406,744.97998046875,163.13616943359375,0.832717776298523
game1/Clip1,151,1,player_bottom,808.903564453125,641.3148193359375,760.7865600585938,480.9585876464844,857.0206298828125,641.3148193359375,0.8994902968406677
game1/Clip1,151,2,player_top,719.5660400390625,163.30819702148438,697.3134765625,101.27232360839844,741.8186645507812,163.30819702148438,0.8243246674537659
game1/Clip1,152,1,player_bottom,808.5043334960938,640.67333984375,760.8032836914062,479.1966247558594,856.2053833007812,640.67333984375,0.8914136290550232
game1/Clip1,152,2,player_top,715.9703369140625,163.11643981933594,693.4847412109375,101.37841033935547,738.4558715820312,163.11643981933594,0.8216870427131653
game1/Clip1,153,1,player_bottom,807.692138671875,638.0499267578125,760.7757568359375,477.12884521484375,854.6085815429688,638.0499267578125,0.884762167930603
game1/Clip1,153,2,player_top,712.094482421875,163.03614807128906,689.6849365234375,101.54593658447266,734.5040893554688,163.03614807128906,0.806402325630188
game1/Clip1,154,1,player_bottom,806.6070556640625,635.9180908203125,760.2181396484375,475.0958557128906,852.9960327148438,635.9180908203125,0.8878999352455139
game1/Clip1,154,2,player_top,708.726318359375,163.33367919921875,686.2866821289062,100.95217895507812,731.1659545898438,163.33367919921875,0.7825803756713867
game1/Clip1,155,1,player_bottom,802.7130126953125,635.953369140625,756.1541748046875,474.9766540527344,849.2719116210938,635.953369140625,0.8961350321769714
game1/Clip1,155,2,player_top,705.199462890625,163.03375244140625,683.33740234375,100.76217651367188,727.0615234375,163.03375244140625,0.7470859289169312
game1/Clip1,156,1,player_bottom,797.5474853515625,636.7770385742188,750.558837890625,477.0458984375,844.5360717773438,636.7770385742188,0.9172514081001282
game1/Clip1,156,2,player_top,701.967041015625,162.9947052001953,681.0562744140625,101.29429626464844,722.8778076171875,162.9947052001953,0.7351518273353577
game1/Clip1,157,1,player_bottom,792.01513671875,638.38232421875,744.0105590820312,479.08734130859375,840.0196533203125,638.38232421875,0.9191442131996155
game1/Clip1,157,2,player_top,699.1738891601562,162.8513641357422,679.13427734375,101.91748809814453,719.2135009765625,162.8513641357422,0.6833401918411255
game1/Clip1,158,1,player_bottom,788.380859375,638.4974365234375,739.6416015625,481.072998046875,837.1200561523438,638.4974365234375,0.913437008857727
game1/Clip1,158,2,player_top,696.0511474609375,164.3933563232422,675.611572265625,100.53785705566406,716.49072265625,164.3933563232422,0.7628827095031738
game1/Clip1,159,1,player_bottom,786.748291015625,639.2396850585938,736.8070678710938,481.6198425292969,836.689453125,639.2396850585938,0.9076769351959229
game1/Clip1,159,2,player_top,694.1707763671875,165.67515563964844,673.8155517578125,100.31763458251953,714.5260620117188,165.67515563964844,0.7414881587028503
game1/Clip1,160,1,player_bottom,785.8109130859375,639.7081909179688,734.2666625976562,480.13177490234375,837.355224609375,639.7081909179688,0.9104644656181335
game1/Clip1,160,2,player_top,690.9141845703125,166.00506591796875,670.6092529296875,99.1669921875,711.2190551757812,166.00506591796875,0.740720272064209
game1/Clip1,161,1,player_bottom,785.375,639.0792236328125,732.7015991210938,477.4000244140625,838.04833984375,639.0792236328125,0.9065877199172974
game1/Clip1,161,2,player_top,688.2981567382812,165.79171752929688,668.3515014648438,98.51546478271484,708.2448120117188,165.79171752929688,0.7508038878440857
game1/Clip1,162,1,player_bottom,782.73779296875,638.7159423828125,729.5217895507812,474.4829406738281,835.953857421875,638.7159423828125,0.8986724019050598
game1/Clip1,162,2,player_top,685.7984619140625,165.285888671875,665.8303833007812,96.48455810546875,705.7664794921875,165.285888671875,0.7399449348449707
game1/Clip1,163,1,player_bottom,775.80810546875,637.3844604492188,723.3173217773438,472.2408447265625,828.298828125,637.3844604492188,0.907387912273407
game1/Clip1,163,2,player_top,682.852783203125,165.53253173828125,663.1228637695312,96.84956359863281,702.5826416015625,165.53253173828125,0.7641052007675171
game1/Clip1,164,1,player_bottom,767.7176513671875,636.7521362304688,716.4767456054688,470.8072204589844,818.9586181640625,636.7521362304688,0.8919467926025391
game1/Clip1,164,2,player_top,679.1983642578125,166.41746520996094,659.2734375,97.25505065917969,699.123291015625,166.41746520996094,0.7573485970497131
game1/Clip1,165,1,player_bottom,758.4345703125,636.5098876953125,709.031982421875,470.41876220703125,807.8372192382812,636.5098876953125,0.8625736236572266
game1/Clip1,165,2,player_top,676.14306640625,167.5863037109375,655.8117065429688,97.38215637207031,696.474365234375,167.5863037109375,0.7401291131973267
game1/Clip1,166,1,player_bottom,750.9049682617188,638.3522338867188,703.2896728515625,472.1856384277344,798.520263671875,638.3522338867188,0.8725395798683167
game1/Clip1,166,2,player_top,678.296630859375,168.46035766601562,658.2542114257812,97.82144165039062,698.3390502929688,168.46035766601562,0.7460823059082031
game1/Clip1,167,1,player_bottom,740.763427734375,640.0365600585938,694.6150512695312,475.3524475097656,786.9118041992188,640.0365600585938,0.8906188607215881
game1/Clip1,167,2,player_top,679.8594970703125,169.22976684570312,660.4177856445312,98.4914321899414,699.3011474609375,169.22976684570312,0.7286491990089417
game1/Clip1,168,1,player_bottom,728.8114624023438,642.64501953125,683.1129150390625,478.11279296875,774.510009765625,642.64501953125,0.8973742723464966
game1/Clip1,168,2,player_top,680.088134765625,170.03146362304688,661.1383056640625,98.75253295898438,699.0379028320312,170.03146362304688,0.7596408724784851
game1/Clip1,169,1,player_bottom,722.4615478515625,643.9608154296875,677.0018920898438,480.0577392578125,767.921142578125,643.9608154296875,0.8933082818984985
game1/Clip1,169,2,player_top,679.3892822265625,170.4585723876953,660.9622192382812,98.78633880615234,697.81640625,170.4585723876953,0.7303447723388672
game1/Clip1,170,1,player_bottom,719.5091552734375,646.3045043945312,673.8894653320312,482.04962158203125,765.12890625,646.3045043945312,0.8997951745986938
game1/Clip1,170,2,player_top,678.2443237304688,170.6487274169922,660.1882934570312,98.24113464355469,696.3003540039062,170.6487274169922,0.7270026803016663
game1/Clip1,171,1,player_bottom,717.783447265625,647.2321166992188,671.7186279296875,481.51043701171875,763.8482055664062,647.2321166992188,0.9074375033378601
game1/Clip1,171,2,player_top,674.1082153320312,170.32427978515625,655.9533081054688,97.39339447021484,692.2631225585938,170.32427978515625,0.7940635681152344
game1/Clip1,172,1,player_bottom,713.9972534179688,648.140869140625,667.8055419921875,480.89306640625,760.18896484375,648.140869140625,0.9014246463775635
game1/Clip1,172,2,player_top,669.7257080078125,170.37796020507812,650.9390258789062,96.70343017578125,688.5123901367188,170.37796020507812,0.7550866007804871
game1/Clip1,173,1,player_bottom,709.63232421875,646.7050170898438,663.9976196289062,480.3131408691406,755.2669677734375,646.7050170898438,0.9061040282249451
game1/Clip1,173,2,player_top,671.7103271484375,169.9548797607422,652.8504638671875,97.3493881225586,690.5702514648438,169.9548797607422,0.6629880666732788
game1/Clip1,174,1,player_bottom,703.6226806640625,648.9047241210938,657.8472900390625,480.82470703125,749.3980102539062,648.9047241210938,0.9034016132354736
game1/Clip1,174,2,player_top,673.9710693359375,169.74862670898438,654.8970336914062,97.12670135498047,693.0451049804688,169.74862670898438,0.6876927018165588
game1/Clip1,175,1,player_bottom,694.8352661132812,654.5853271484375,647.9367065429688,482.6905517578125,741.7338256835938,654.5853271484375,0.8814082145690918
game1/Clip1,175,2,player_top,672.4290161132812,169.99620056152344,653.4039306640625,96.98820495605469,691.4541015625,169.99620056152344,0.7081829309463501
game1/Clip1,176,1,player_bottom,690.6883544921875,658.0970458984375,643.593994140625,485.8245849609375,737.7827758789062,658.0970458984375,0.9011629819869995
game1/Clip1,176,2,player_top,671.6461181640625,170.6483612060547,652.6278076171875,96.79945373535156,690.6644897460938,170.6483612060547,0.6810802221298218
game1/Clip1,177,1,player_bottom,685.39892578125,661.9049682617188,637.724609375,490.40093994140625,733.0732421875,661.9049682617188,0.9007695913314819
game1/Clip1,177,2,player_top,671.6220092773438,171.00059509277344,652.5164184570312,96.01930236816406,690.7276000976562,171.00059509277344,0.7121817469596863
game1/Clip1,178,1,player_bottom,682.8546142578125,664.755859375,635.2362670898438,497.1265869140625,730.472900390625,664.755859375,0.9219948649406433
game1/Clip1,178,2,player_top,671.6880493164062,170.6231231689453,652.67431640625,95.28409576416016,690.7017822265625,170.6231231689453,0.7490401268005371
game1/Clip1,179,1,player_bottom,675.053466796875,669.8421630859375,626.4258422851562,504.17132568359375,723.68115234375,669.8421630859375,0.9100759625434875
game1/Clip1,179,2,player_top,670.3065185546875,170.9149627685547,651.4415283203125,94.84735107421875,689.1714477539062,170.9149627685547,0.7171236276626587
game1/Clip1,180,1,player_bottom,671.8941650390625,673.7044677734375,622.590087890625,510.501708984375,721.1983032226562,673.7044677734375,0.9157993793487549
game1/Clip1,180,2,player_top,669.0048828125,170.6031951904297,650.5112915039062,94.5648422241211,687.4984741210938,170.6031951904297,0.6912681460380554
game1/Clip1,181,1,player_bottom,669.9202880859375,674.7511596679688,620.5369262695312,515.1885375976562,719.3037109375,674.7511596679688,0.9122872352600098
game1/Clip1,181,2,player_top,666.3369140625,170.72682189941406,648.517333984375,94.85408782958984,684.156494140625,170.72682189941406,0.7308961749076843
game1/Clip1,182,1,player_bottom,670.2424926757812,675.1456909179688,620.0185546875,516.7872924804688,720.4664306640625,675.1456909179688,0.916557788848877
game1/Clip1,182,2,player_top,664.69873046875,170.8770294189453,647.5938720703125,95.5152816772461,681.8035888671875,170.8770294189453,0.710688054561615
game1/Clip1,183,1,player_bottom,670.7530517578125,674.5774536132812,619.7533569335938,517.4483032226562,721.7528076171875,674.5774536132812,0.917525589466095
game1/Clip1,183,2,player_top,663.80126953125,172.25735473632812,647.1790771484375,96.966064453125,680.4234619140625,172.25735473632812,0.7572319507598877
game1/Clip1,184,1,player_bottom,672.0624389648438,672.5220947265625,620.022216796875,515.0629272460938,724.1026611328125,672.5220947265625,0.9153134822845459
game1/Clip1,184,2,player_top,662.08251953125,172.27796936035156,646.2172241210938,99.12862396240234,677.9478759765625,172.27796936035156,0.7233536839485168
game1/Clip1,185,1,player_bottom,673.439453125,670.6616821289062,620.4476318359375,512.0526123046875,726.4312744140625,670.6616821289062,0.9117169380187988
game1/Clip1,185,2,player_top,657.099609375,172.7578582763672,641.4342041015625,101.74168395996094,672.7650146484375,172.7578582763672,0.7364585995674133
game1/Clip1,186,1,player_bottom,675.3485107421875,669.7473754882812,621.25439453125,508.7202453613281,729.4426879882812,669.7473754882812,0.9124212861061096
game1/Clip1,186,2,player_top,653.224609375,172.50758361816406,637.625,103.91826629638672,668.82421875,172.50758361816406,0.7882170677185059
game1/Clip1,187,1,player_bottom,678.1290283203125,669.6456909179688,622.510498046875,504.062255859375,733.7476196289062,669.6456909179688,0.909074604511261
game1/Clip1,187,2,player_top,651.4429931640625,173.32781982421875,635.7590942382812,106.15849304199219,667.1268920898438,173.32781982421875,0.7893670201301575
game1/Clip1,188,1,player_bottom,681.6265869140625,669.6629028320312,625.2366333007812,501.227783203125,738.0165405273438,669.6629028320312,0.9144138693809509
game1/Clip1,188,2,player_top,650.628173828125,175.0498809814453,634.46630859375,107.1617660522461,666.7901000976562,175.0498809814453,0.7805598974227905
game1/Clip1,189,1,player_bottom,687.2978515625,669.4073486328125,630.70849609375,498.7369689941406,743.8872680664062,669.4073486328125,0.9214515089988708
game1/Clip1,189,2,player_top,651.292724609375,178.0143280029297,634.5615844726562,107.74955749511719,668.02392578125,178.0143280029297,0.7676945924758911
game1/Clip1,190,1,player_bottom,691.0787353515625,669.3927001953125,634.4161376953125,496.9873046875,747.7413330078125,669.3927001953125,0.9154806733131409
game1/Clip1,190,2,player_top,652.1659545898438,180.48745727539062,635.2340698242188,108.46969604492188,669.0978393554688,180.48745727539062,0.742648184299469
game1/Clip1,191,1,player_bottom,697.6256713867188,669.3953247070312,641.435546875,495.1874084472656,753.8157958984375,669.3953247070312,0.8846035599708557
game1/Clip1,191,2,player_top,652.443115234375,182.81906127929688,635.3109741210938,108.7143325805664,669.5751953125,182.81906127929688,0.7477446794509888
game1/Clip1,192,1,player_bottom,704.8614501953125,669.2506103515625,649.7986450195312,494.2074279785156,759.9241943359375,669.2506103515625,0.8886550068855286
game1/Clip1,192,2,player_top,651.918212890625,183.92335510253906,634.7635498046875,108.26177215576172,669.0728149414062,183.92335510253906,0.744128406047821
game1/Clip1,193,1,player_bottom,712.390869140625,668.7449340820312,658.8878173828125,493.33050537109375,765.8939208984375,668.7449340820312,0.8809179067611694
game1/Clip1,193,2,player_top,651.2801513671875,184.4011993408203,634.3048706054688,108.06001281738281,668.2554321289062,184.4011993408203,0.7409467697143555
game1/Clip1,194,1,player_bottom,719.5095825195312,669.1246948242188,667.7096557617188,492.9977111816406,771.3095092773438,669.1246948242188,0.8769395351409912
game1/Clip1,194,2,player_top,651.0020751953125,184.6567840576172,634.3829956054688,108.61123657226562,667.6212158203125,184.6567840576172,0.7423830628395081
game1/Clip1,195,1,player_bottom,725.175537109375,669.1581420898438,675.0951538085938,491.9940490722656,775.2559204101562,669.1581420898438,0.8698062300682068
game1/Clip1,195,2,player_top,650.8438720703125,184.83384704589844,634.1328735351562,106.91044616699219,667.5548706054688,184.83384704589844,0.7630397081375122
game1/Clip1,196,1,player_bottom,730.8929443359375,668.7631225585938,682.8373413085938,491.3081359863281,778.9485473632812,668.7631225585938,0.8832780122756958
game1/Clip1,196,2,player_top,650.8729858398438,184.80804443359375,633.9366455078125,104.14073181152344,667.809326171875,184.80804443359375,0.7642470002174377
game1/Clip1,197,1,player_bottom,734.2650756835938,668.5450439453125,688.112548828125,491.044921875,780.4176025390625,668.5450439453125,0.8884819746017456
game1/Clip1,197,2,player_top,650.6792602539062,185.0231475830078,633.6766967773438,102.38861083984375,667.6818237304688,185.0231475830078,0.7665407657623291
game1/Clip1,198,1,player_bottom,736.9136962890625,668.395751953125,692.5222778320312,490.95343017578125,781.3050537109375,668.395751953125,0.8750274181365967
game1/Clip1,198,2,player_top,650.6094970703125,185.39332580566406,633.664306640625,101.31184387207031,667.5547485351562,185.39332580566406,0.789216935634613
game1/Clip1,199,1,player_bottom,740.236083984375,668.3760986328125,697.2684326171875,490.90966796875,783.2036743164062,668.3760986328125,0.8351050019264221
game1/Clip1,199,2,player_top,650.8883056640625,187.23443603515625,633.8344116210938,101.0000228881836,667.942138671875,187.23443603515625,0.7886984944343567
game1/Clip1,200,1,player_bottom,744.0716552734375,668.2222900390625,702.2520141601562,490.78131103515625,785.8912353515625,668.2222900390625,0.8250343799591064
game1/Clip1,200,2,player_top,651.0953979492188,188.1783905029297,634.168701171875,101.12728118896484,668.0220947265625,188.1783905029297,0.7947182655334473
game1/Clip1,201,1,player_bottom,749.7012939453125,668.1336059570312,708.5006713867188,490.5605163574219,790.90185546875,668.1336059570312,0.8729985356330872
game1/Clip1,201,2,player_top,651.490966796875,189.88299560546875,634.5785522460938,101.66366577148438,668.4033813476562,189.88299560546875,0.7979440093040466
game1/Clip1,202,1,player_bottom,753.4168701171875,667.7266235351562,712.6847534179688,490.1181335449219,794.14892578125,667.7266235351562,0.883652925491333
game1/Clip1,202,2,player_top,651.6748657226562,191.12713623046875,635.0144653320312,103.18587493896484,668.3352661132812,191.12713623046875,0.7903731465339661
game1/Clip1,203,1,player_bottom,753.882080078125,667.049560546875,713.8499145507812,489.7289123535156,793.914306640625,667.049560546875,0.8666054606437683
game1/Clip1,203,2,player_top,651.68701171875,193.6700897216797,635.0006103515625,104.42292022705078,668.3734130859375,193.6700897216797,0.7770023941993713
game1/Clip1,204,1,player_bottom,755.727294921875,666.9457397460938,716.0794677734375,489.6491394042969,795.3751220703125,666.9457397460938,0.8788443803787231
game1/Clip1,204,2,player_top,651.7982177734375,194.369140625,635.5098876953125,106.5898666381836,668.0864868164062,194.369140625,0.7768377661705017
game1/Clip1,205,1,player_bottom,757.1470947265625,666.1705322265625,717.9605102539062,489.5704040527344,796.333740234375,666.1705322265625,0.880363404750824
game1/Clip1,205,2,player_top,651.6463623046875,194.4342498779297,635.7269287109375,108.01939392089844,667.5657958984375,194.4342498779297,0.7547412514686584
game1/Clip1,206,1,player_bottom,759.0032958984375,665.3812866210938,720.0731201171875,488.95416259765625,797.9335327148438,665.3812866210938,0.8745021820068359
game1/Clip1,206,2,player_top,651.0020141601562,194.58399963378906,635.1897583007812,108.21922302246094,666.8142700195312,194.58399963378906,0.759627640247345
